Maquina,Indice_Tiempo,Tiempo_Entre_Fallas
ACATIC,1,6.793827708
ACATIC,2,2.012378981
ACATIC,3,14.27098209
ACATIC,4,21.09305204
ACATIC,5,0.361226655
ACATIC,6,37.97643449
ACATIC,7,50.81484834
ACATIC,8,58.89309139
ACATIC,9,2.972818669
ACATIC,10,4.691479051
ACATIC,11,2.903250313
ACATIC,12,2.116435266
ACATIC,13,8.085326806
ACATIC,14,22.35134684
ACATIC,15,0.766258831
ACATIC,16,25.69442264
ACATIC,17,1.077259144
ACATIC,18,13.99729525
ACATIC,19,15.20652508
ACATIC,20,0.389011458
ACATIC,21,1.962068009
ACATIC,22,52.08551983
ACATIC,23,13.98059734
ACATIC,24,6.964841007
ACATIC,25,11.9200088
ACATIC,26,0.904675845
ACATIC,27,24.86143178
ACATIC,28,31.32312194
ACATIC,29,42.46716844
ADAMS,1,2.330269282
ADAMS,2,7.384906516
ADAMS,3,1.914929745
ADAMS,4,2.939224653
ADAMS,5,5.025644792
ADAMS,6,5.101286192
ADAMS,7,1.954296493
ADAMS,8,16.09459965
ADAMS,9,6.1359375
ADAMS,10,4.1267625
ADAMS,11,0.846354664
ADAMS,12,4.21052978
ADAMS,13,0.09995066
ADAMS,14,10.59754128
ADAMS,15,2.053176007
ADAMS,16,3.007393368
ADAMS,17,2.983533137
ADAMS,18,0.439477581
ADAMS,19,0.433324618
ADAMS,20,0.138326308
ADAMS,21,2.410229815
ADAMS,22,2.658805903
ADAMS,23,5.792149155
ADAMS,24,3.87965772
ADAMS,25,0.806493252
ADAMS,26,3.211371181
ADAMS,27,14.45934086
ADAMS,28,7.855462616
ADAMS,29,5.598809769
ADAMS,30,6.236071262
ADAMS,31,5.521195301
ADAMS,32,3.361905139
ADAMS,33,4.046506481
ADAMS,34,0.626004363
ADAMS,35,1.215859259
ADAMS,36,2.146651389
ADAMS,37,0.109576273
ADAMS,38,2.714880706
ADAMS,39,6.623586262
ADAMS,40,1.242664236
ADAMS,41,18.53623568
ADAMS,42,0.408714352
ADAMS,43,19.5903834
ADAMS,44,3.804425266
ADAMS,45,2.986946921
ADAMS,46,14.10114615
ADAMS,47,1.331245255
ADAMS,48,0.519364282
ADAMS,49,4.376743866
ADAMS,50,3.936285799
ADAMS,51,8.719564931
ADAMS,52,0.969893137
ADAMS,53,0.106288079
ADAMS,54,3.45068816
ADAMS,55,1.753985417
ADAMS,56,0.763868634
ADAMS,57,2.930604664
ADAMS,58,0.058668102
ADAMS,59,2.068468935
ADAMS,60,15.40719009
ADAMS,61,1.235578507
ADAMS,62,51.10619769
ADAMS,63,0.442969167
ADAMS,64,14.58238051
ADAMS,65,36.82960895
ADAMS,66,28.40506817
ADAMS,67,46.02335481
ADAMS,68,0.147553241
ADAMS,69,4.387041597
ADAMS,70,8.297803553
ADAMS,71,1.580603287
ADAMS,72,13.29289641
ADAMS,73,4.953337153
ADAMS,74,1.636178935
ADAMS,75,1.912121956
ADAMS,76,32.91736863
AGUASCALIENTES,1,8.944552315
AGUASCALIENTES,2,31.7967314
AGUASCALIENTES,3,8.036578785
AGUASCALIENTES,4,0.843064618
AGUASCALIENTES,5,17.87655706
AGUASCALIENTES,6,9.19081265
AGUASCALIENTES,7,27.72390362
AGUASCALIENTES,8,13.5202603
AGUASCALIENTES,9,2.972053819
AGUASCALIENTES,10,2.137796794
AGUASCALIENTES,11,10.01512966
AGUASCALIENTES,12,23.18971756
AGUASCALIENTES,13,11.59005159
AGUASCALIENTES,14,48.54771123
AGUASCALIENTES,15,22.5083725
AGUASCALIENTES,16,0.094796528
AGUASCALIENTES,17,5.686641204
AGUASCALIENTES,18,3.418635417
AGUASCALIENTES,19,26.38400355
AGUASCALIENTES,20,10.16987118
AGUASCALIENTES,21,59.48649271
AGUASCALIENTES,22,99.21277326
AGUASCALIENTES,23,38.31712481
AHUALULCO,1,90.09709745
AHUALULCO,2,15.76384694
AHUALULCO,3,0.178691435
AHUALULCO,4,20.15051586
AHUALULCO,5,2.043311609
AHUALULCO,6,18.81552204
AHUALULCO,7,22.26803811
AHUALULCO,8,11.11189595
AHUALULCO,9,49.48528201
AHUALULCO,10,2.937380359
AHUALULCO,11,16.16264764
AHUALULCO,12,0.467779213
AHUALULCO,13,17.74960911
AHUALULCO,14,5.230774803
AHUALULCO,15,20.12417786
AHUALULCO,16,23.25554684
AHUALULCO,17,4.385617164
AHUALULCO,18,0.787452477
AHUALULCO,19,0.672084225
AHUALULCO,20,2.317817859
AHUALULCO,21,10.7701417
AJAX,1,0.270101539
AJAX,2,0.119894398
AJAX,3,32.16832561
AJAX,4,0.086214815
AJAX,5,0.941229167
AJAX,6,30.74599811
AJAX,7,13.22430818
AJAX,8,110.1716564
AJAX,9,1.107769861
AJAX,10,1.394675845
AJAX,11,11.93191189
AJAX,12,8.937797766
AJAX,13,3.779883218
AJAX,14,22.43441554
AJAX,15,6.537856331
AJAX,16,2.857349386
AJAX,17,0.53691566
AJAX,18,0.634127315
AJAX,19,1.2079439
AJAX,20,4.23629213
AJAX,21,10.85713029
AJAX,22,116.2369299
AQUILES,1,1.087973912
AQUILES,2,25.51081285
AQUILES,3,44.16872388
AQUILES,4,0.667508727
AQUILES,5,4.214489317
AQUILES,6,36.05497503
AQUILES,7,7.729067859
AQUILES,8,0.045826238
AQUILES,9,3.416722419
AQUILES,10,0.151393634
AQUILES,11,0.21151103
AQUILES,12,0.036580093
AQUILES,13,0.25897191
AQUILES,14,0.126225694
AQUILES,15,6.845056319
AQUILES,16,0.116989387
AQUILES,17,1.348590475
AQUILES,18,0.084237998
AQUILES,19,0.463221597
AQUILES,20,0.236301007
AQUILES,21,0.993632674
AQUILES,22,4.815848727
AQUILES,23,0.214340972
AQUILES,24,1.012270521
AQUILES,25,0.193289931
AQUILES,26,1.06412956
AQUILES,27,0.26329162
AQUILES,28,1.379021377
AQUILES,29,2.965029896
AQUILES,30,0.973604248
AQUILES,31,0.632559688
AQUILES,32,0.565764387
AQUILES,33,23.51798353
AQUILES,34,86.26739845
AQUILES,35,6.825527396
AQUILES,36,3.923902083
AQUILES,37,1.490047986
AQUILES,38,11.67225571
AQUILES,39,5.214158611
AQUILES,40,36.84311065
AQUILES,41,0.12165934
AQUILES,42,0.141741898
AQUILES,43,0.071116042
AQUILES,44,34.87673403
AQUILES,45,42.99912497
AQUILES,46,42.80768738
AQUILES,47,50.1124665
AQUILES,48,4.662727002
ARANZAZU,1,0.139883831
ARANZAZU,2,0.417454167
ARANZAZU,3,0.658612002
ARANZAZU,4,45.94809089
ARANZAZU,5,17.25467639
ARANZAZU,6,0.058672338
ARANZAZU,7,10.4527608
ARANZAZU,8,13.63913661
ARANZAZU,9,13.95421204
ARANZAZU,10,0.691965162
ARANZAZU,11,1.371721296
ARANZAZU,12,17.19760344
ARANZAZU,13,0.276186181
ARANZAZU,14,1.892819178
ARANZAZU,15,2.898774618
ARANZAZU,16,4.861700393
ARANZAZU,17,75.47550463
ARANZAZU,18,42.20931215
ARANZAZU,19,3.324820602
ARANZAZU,20,18.09956419
ARANZAZU,21,0.480880556
ARANZAZU,22,0.031662234
ARANZAZU,23,2.289830475
ARANZAZU,24,0.253968322
ARANZAZU,25,0.553315324
ARANZAZU,26,28.34737404
ARANZAZU,27,4.657365625
ARANZAZU,28,57.28278858
ARANZAZU,29,8.327026701
ARANZAZU,30,60.8493644
ATOTONILCO,1,21.90128171
ATOTONILCO,2,1.554624271
ATOTONILCO,3,0.022169907
ATOTONILCO,4,1.184034607
ATOTONILCO,5,0.340549352
ATOTONILCO,6,2.018225891
ATOTONILCO,7,11.54609089
ATOTONILCO,8,15.66250425
ATOTONILCO,9,6.095193056
ATOTONILCO,10,4.858919016
ATOTONILCO,11,4.304159375
ATOTONILCO,12,0.37656956
ATOTONILCO,13,1.882617593
ATOTONILCO,14,3.527692396
ATOTONILCO,15,18.06860613
ATOTONILCO,16,35.43914711
ATOTONILCO,17,22.49845189
ATOTONILCO,18,6.678016319
ATOTONILCO,19,4.317719016
ATOTONILCO,20,5.96015132
ATOTONILCO,21,32.22928345
ATOTONILCO,22,13.97952437
ATOTONILCO,23,2.99997816
ATOTONILCO,24,10.45655818
ATOTONILCO,25,1.691926898
ATOTONILCO,26,12.06058892
ATOTONILCO,27,0.564595289
ATOTONILCO,28,23.67116617
ATOTONILCO,29,0.187386065
ATOTONILCO,30,0.325946678
ATOTONILCO,31,11.41951405
ATOTONILCO,32,0.627103356
ATOTONILCO,33,1.746218102
ATOTONILCO,34,3.476344132
ATOTONILCO,35,20.98513796
ATOTONILCO,36,0.389290937
ATOTONILCO,37,2.061403889
ATOTONILCO,38,7.293216898
ATOTONILCO,39,2.613788576
AUSTRIA,1,4.744242558
AUSTRIA,2,0.349752199
AUSTRIA,3,16.7062397
AUSTRIA,4,2.994487118
AUSTRIA,5,23.37576637
AUSTRIA,6,26.97787045
AUSTRIA,7,4.617962419
AUSTRIA,8,0.097797222
AUSTRIA,9,3.362037963
AUSTRIA,10,11.78212612
AUSTRIA,11,4.489632361
AUSTRIA,12,0.040493252
AUSTRIA,13,0.267658218
AUSTRIA,14,1.487711968
AUSTRIA,15,0.946719676
AUSTRIA,16,4.339388692
AUSTRIA,17,0.596396366
AUSTRIA,18,6.763364051
AUSTRIA,19,0.331814699
AUSTRIA,20,18.87985757
AUSTRIA,21,1.144277627
AUSTRIA,22,9.923430521
AUSTRIA,23,4.264549884
AUSTRIA,24,0.892025232
AUSTRIA,25,3.817880058
AUSTRIA,26,6.13540162
AUSTRIA,27,0.657512546
AUSTRIA,28,3.313961806
AUSTRIA,29,0.769594826
AUSTRIA,30,1.950626389
AUSTRIA,31,0.218177199
AUSTRIA,32,0.332914815
AUSTRIA,33,3.530608681
AUSTRIA,34,13.09490027
AUSTRIA,35,18.77989934
AUSTRIA,36,0.045669676
AUSTRIA,37,10.94535223
AUSTRIA,38,18.26596632
AUSTRIA,39,13.67571181
AUSTRIA,40,12.84954324
AUSTRIA,41,0.044366354
AUSTRIA,42,2.216492211
AUSTRIA,43,0.968853403
AUSTRIA,44,12.87270328
AUSTRIA,45,1.320386343
AUSTRIA,46,11.08434398
AUSTRIA,47,0.123150035
AUSTRIA,48,6.302596956
AUSTRIA,49,0.425395602
AUSTRIA,50,1.342735799
AUSTRIA,51,1.014054664
AUSTRIA,52,0.218006285
AUSTRIA,53,1.491800312
AUSTRIA,54,0.373840741
AUSTRIA,55,4.087746528
AUSTRIA,56,2.658447685
AUSTRIA,57,0.384714583
AUSTRIA,58,15.81220845
AUSTRIA,59,6.690340046
AUSTRIA,60,1.756751505
AUSTRIA,61,0.984052396
AUSTRIA,62,1.956716319
AUSTRIA,63,18.13474618
AUSTRIA,64,6.363670799
AUSTRIA,65,5.673834676
AUSTRIA,66,1.637957488
AUSTRIA,67,0.195557488
AUSTRIA,68,0.036946794
AUSTRIA,69,1.119360451
AUSTRIA,70,1.191841273
AUSTRIA,71,0.729421678
AUSTRIA,72,0.159162766
AUSTRIA,73,3.33327978
AUSTRIA,74,2.650776111
AUSTRIA,75,0.201965741
AUSTRIA,76,4.762566632
AUSTRIA,77,1.965591238
AUSTRIA,78,0.169194294
AUSTRIA,79,4.436848113
AUSTRIA,80,0.022425694
AUSTRIA,81,8.289320637
AUSTRIA,82,2.495439074
AUSTRIA,83,11.47661119
AUSTRIA,84,22.19193943
AUSTRIA,85,2.912869028
AUSTRIA,86,1.824194722
AUSTRIA,87,5.809344641
AUSTRIA,88,6.070944329
AUSTRIA,89,1.576086343
AUSTRIA,90,2.165140278
AUSTRIA,91,5.961778403
AUSTRIA,92,4.473483484
AUSTRIA,93,21.31144757
AUSTRIA,94,0.18762191
BALOO,1,3.899020208
BALOO,2,9.590499607
BALOO,3,10.36666111
BALOO,4,3.793453125
BALOO,5,2.483333958
BALOO,6,2.322317593
BALOO,7,2.743744259
BALOO,8,7.158531898
BALOO,9,1.293062268
BALOO,10,2.299999768
BALOO,11,0.256205787
BALOO,12,12.54275116
BALOO,13,15.08193608
BALOO,14,13.95275756
BALOO,15,21.74712439
BALOO,16,9.14312581
BALOO,17,10.03683753
BALOO,18,2.226945139
BALOO,19,1.18161081
BALOO,20,2.640589086
BALOO,21,0.046317708
BALOO,22,1.385682407
BALOO,23,13.30851659
BALOO,24,0.637646493
BALOO,25,11.68258654
BALOO,26,0.219587153
BALOO,27,29.8169652
BALOO,28,9.527616238
BALOO,29,0.205264861
BALOO,30,5.249172801
BALOO,31,6.966166007
BALOO,32,0.132655208
BALOO,33,5.869641944
BALOO,34,0.520347454
BALOO,35,7.011213854
BALOO,36,13.02313322
BALOO,37,15.17957604
BALOO,38,4.658310914
BALOO,39,26.03903299
BALOO,40,26.16528472
BALOO,41,4.616357326
BALOO,42,43.00090003
BALOO,43,5.245022107
BALOO,44,1.499505833
BALOO,45,9.190345868
BALOO,46,1.720980127
BALOO,47,0.154794907
BALOO,48,0.945246875
BALOO,49,1.347036181
BALOO,50,60.20574031
BALOO,51,43.04308072
BATMAN,1,1.430807674
BATMAN,2,1.39807419
BATMAN,3,26.66867867
BATMAN,4,5.746579826
BATMAN,5,1.104087616
BATMAN,6,1.12417419
BATMAN,7,0.993376204
BATMAN,8,6.871908403
BATMAN,9,41.02790779
BATMAN,10,10.09806887
BATMAN,11,58.69147786
BATMAN,12,4.874362072
BATMAN,13,6.497991748
BATMAN,14,0.146781053
BATMAN,15,5.367207569
BATMAN,16,4.14930868
BATMAN,17,4.608338623
BATMAN,18,3.812817245
BATMAN,19,0.23156794
BATMAN,20,31.54897439
BATMAN,21,17.79534178
BATMAN,22,5.768618137
BATMAN,23,1.812075232
BATMAN,24,1.710707789
BATMAN,25,0.291392593
BATMAN,26,1.788507442
BATMAN,27,7.129173414
BATMAN,28,0.616978194
BATMAN,29,16.44468858
BATMAN,30,3.02085382
BATMAN,31,10.53903183
BATMAN,32,34.47585375
BATMAN,33,9.490849803
BATMAN,34,0.233753785
BATMAN,35,0.655036724
BATMAN,36,1.84040691
BATMAN,37,8.501352778
BATMAN,38,0.658685463
BATMAN,39,30.96642627
BATMAN,40,48.43375309
BATMAN,41,57.32538861
BATMAN,42,8.760544491
BATMAN,43,31.63153163
BONITA,1,2.118784873
BONITA,2,24.38852323
BONITA,3,12.58426439
BONITA,4,22.58303762
BONITA,5,0.495704942
BONITA,6,81.03142194
BONITA,7,6.486036424
BONITA,8,14.95835344
BONITA,9,0.025524155
BONITA,10,0.083703009
BONITA,11,11.74088087
BONITA,12,14.77581096
CAIFANES,1,2.121346875
CAIFANES,2,0.479275891
CAIFANES,3,0.023138426
CAIFANES,4,2.891927199
CAIFANES,5,22.47131605
CAIFANES,6,9.477400197
CAIFANES,7,1.872661574
CAIFANES,8,21.67290112
CAIFANES,9,14.62775922
CAIFANES,10,0.434038924
CAIFANES,11,3.488802662
CAIFANES,12,26.8568956
CAIFANES,13,0.735986655
CAIFANES,14,5.210938357
CAIFANES,15,0.037842789
CAIFANES,16,4.834092396
CAIFANES,17,0.06300625
CAIFANES,18,10.30036968
CAIFANES,19,27.22405525
CAIFANES,20,3.562741285
CAIFANES,21,29.38779934
CAIFANES,22,0.301135914
CAIFANES,23,9.194542211
CAIFANES,24,3.820200417
CAIFANES,25,0.305114861
CAIFANES,26,12.93874537
CAIFANES,27,0.07761088
CAIFANES,28,0.039473067
CAIFANES,29,18.41262531
CAIFANES,30,0.308942593
CAIFANES,31,1.520423414
CAIFANES,32,19.95382126
CAIFANES,33,7.100404549
CAIFANES,34,1.951011192
CAIFANES,35,0.606661771
CAIFANES,36,18.02256245
CAIFANES,37,6.286815428
CAIFANES,38,16.3497647
CAIFANES,39,51.66104904
CAIFANES,40,23.6333101
CAIFANES,41,14.03208117
CAIFANES,42,0.870757488
CAIFANES,43,0.925080393
CAIFANES,44,9.916350417
CAIFANES,45,15.59786801
CAIFANES,46,11.85441166
CAIFANES,47,16.60106034
CAIFANES,48,11.15010076
CAIFANES,49,38.09685741
CAIFANES,50,13.16112978
CAIFANES,51,0.343891319
CANADA,1,15.40393256
CANADA,2,10.8249106
CANADA,3,3.567204363
CANADA,4,0.867039074
CANADA,5,3.367288843
CANADA,6,2.83624934
CANADA,7,0.379688704
CANADA,8,2.082166516
CANADA,9,7.371725312
CANADA,10,0.948234572
CANADA,11,0.80670162
CANADA,12,2.58406397
CANADA,13,7.327740509
CANADA,14,1.051241586
CANADA,15,1.814707905
CANADA,16,0.156941898
CANADA,17,0.074765127
CANADA,18,1.108188079
CANADA,19,0.11484066
CANADA,20,0.12168368
CANADA,21,4.388747222
CANADA,22,3.546150463
CANADA,23,0.548876007
CANADA,24,8.85282662
CANADA,25,4.636321181
CANADA,26,0.265904514
CANADA,27,1.177624687
CANADA,28,6.401621215
CANADA,29,8.916980752
CANADA,30,5.509736181
CANADA,31,2.193373183
CANADA,32,0.832233912
CANADA,33,1.929276921
CANADA,34,1.740426539
CANADA,35,8.933965046
CANADA,36,4.231985486
CANADA,37,0.305157211
CANADA,38,7.086671366
CANADA,39,33.47407219
CANADA,40,94.60552416
CANADA,41,0.25714125
CANADA,42,5.800642326
CANADA,43,0.27268257
CANADA,44,0.093200417
CANADA,45,7.613727662
CANADA,46,9.084448877
CANADA,47,5.503220417
CANADA,48,2.914760498
CANADA,49,24.05105807
CANADA,50,6.387500926
CANADA,51,24.81909552
CANADA,52,1.679059988
CANADA,53,5.972859028
CANADA,54,6.423760648
CANADA,55,1.901424352
CANADA,56,7.312335764
CANADA,57,1.90266485
CANADA,58,0.033567512
CANADA,59,1.412506516
CANADA,60,10.48086091
CANADA,61,5.111123924
CANADA,62,0.463871331
CANADA,63,5.573389583
CANADA,64,0.67545706
CANADA,65,4.963667905
CANADA,66,8.051199965
CANADA,67,12.31341979
CANADA,68,9.200700081
CANADA,69,3.217756678
CANADA,70,0.268198843
CANADA,71,3.888516713
CANADA,72,2.713269143
CANADA,73,21.28871562
CANADA,74,26.52066281
CANADA,75,13.04059618
CANADA,76,1.665927662
CANADA,77,3.28230066
CANADA,78,0.491006944
CANADA,79,6.230482292
CANADA,80,1.304811644
CHAMACO,1,25.85046868
CHAMACO,2,40.45363295
CHAMACO,3,4.713223264
CHAMACO,4,19.01032797
CHAMACO,5,7.099051736
CHAMACO,6,10.19453723
CHAMACO,7,51.91673039
CHAMACO,8,9.416553542
CHAMACO,9,5.839498993
CHAMACO,10,0.809948067
CHAMACO,11,0.773323611
CHAMACO,12,62.21520976
CHAMACO,13,24.31940189
CHAMACO,14,6.558402546
CHAMACO,15,0.953374456
CHAMACO,16,4.544709329
CHAMACO,17,5.154020995
CHAMACO,18,64.44093122
CHAMACO,19,2.122610914
CHAMACO,20,38.02855197
CHAMACO,21,3.377771725
CHAMACO,22,14.84789475
CHAMACO,23,19.24757816
CHAMACO,24,0.71245706
CHAMACO,25,0.046033947
CHAMACO,26,3.662716898
CHAMACO,27,3.061063507
CHAMACO,28,10.66465594
CHAMACO,29,17.79091141
CHAMACO,30,4.095723414
CHAMACO,31,6.41851412
CHAMACO,32,2.372942477
CHAMACO,33,0.159057755
CHANFLE,1,18.15606115
CHANFLE,2,3.990504051
CHANFLE,3,0.185459028
CHANFLE,4,10.81668568
CHANFLE,5,2.319186076
CHANFLE,6,2.113504005
CHANFLE,7,0.215701319
CHANFLE,8,1.139243125
CHANFLE,9,2.606285532
CHANFLE,10,1.812316053
CHANFLE,11,28.30731543
CHANFLE,12,1.478384144
CHANFLE,13,12.33552589
CHANFLE,14,1.579046296
CHANFLE,15,0.021685463
CHANFLE,16,0.140143438
CHANFLE,17,0.270381597
CHANFLE,18,53.31731432
CHANFLE,19,7.415312847
CHANFLE,20,0.455349688
CHANFLE,21,5.006374734
CHANFLE,22,0.276365972
CHANFLE,23,20.15822578
CHANFLE,24,10.95934418
CHANFLE,25,14.54561095
CHANFLE,26,13.24582125
CHANFLE,27,12.81344367
CHANFLE,28,1.22502809
CHANFLE,29,0.39285691
CHANFLE,30,2.028780521
CHANFLE,31,0.42395706
CHANFLE,32,0.13671169
CHANFLE,33,0.540957292
CHARROS,1,0.687028079
CHARROS,2,3.008829896
CHARROS,3,1.383363391
CHARROS,4,5.015924653
CHARROS,5,0.369139699
CHARROS,6,4.929496609
CHARROS,7,1.013996065
CHARROS,8,0.921138657
CHARROS,9,0.612160185
CHARROS,10,12.01261204
CHARROS,11,11.02557234
CHARROS,12,0.327601968
CHARROS,13,1.100160417
CHARROS,14,6.4521664
CHARROS,15,0.035661921
CHARROS,16,0.034643669
CHARROS,17,0.100948495
CHARROS,18,1.130616123
CHARROS,19,0.373500116
CHARROS,20,4.859239317
CHARROS,21,0.436802465
CHARROS,22,1.187730868
CHARROS,23,5.909415324
CHARROS,24,0.714975
CHARROS,25,0.816958102
CHARROS,26,8.008269722
CHARROS,27,15.8301652
CHARROS,28,4.333881053
CHARROS,29,26.97054314
CHARROS,30,46.94702971
CHARROS,31,8.337277396
CHARROS,32,0.120746609
CHARROS,33,18.04085559
CHARROS,34,0.600245567
CHARROS,35,7.609222106
CHARROS,36,0.059945336
CHARROS,37,6.726417674
CHARROS,38,4.2775125
CHARROS,39,13.07997608
CHARROS,40,12.24410863
CHARROS,41,0.153910382
CHARROS,42,0.246603426
CHARROS,43,2.204054363
CHARROS,44,1.187056944
CHARROS,45,10.47582338
CHARROS,46,3.455475
CHARROS,47,0.805111887
CHARROS,48,2.521466285
CHARROS,49,1.722177118
CHARROS,50,3.666143553
CHARROS,51,7.084676655
CHARROS,52,4.242815938
CHARROS,53,27.90008623
CHARROS,54,11.44616659
CHARROS,55,13.03293209
CHARROS,56,3.469379201
CHARROS,57,0.935279398
CHARROS,58,0.99706625
CHARROS,59,5.097549005
CHARROS,60,3.314567326
CHARROS,61,6.822752778
CHARROS,62,16.02582824
CHARROS,63,1.336912072
CHARROS,64,2.20112353
CHARROS,65,0.8894211
CHARROS,66,4.88890875
CHARROS,67,2.621361146
CHARROS,68,16.43679765
CHARROS,69,12.74276551
CHARROS,70,32.08772697
CHARROS,71,4.637877199
CHARROS,72,4.027405984
CHARROS,73,0.071832292
CHARROS,74,0.634864664
CHARROS,75,14.04695606
CHARROS,76,6.813383067
CHICAGO,1,1.778042708
CHICAGO,2,13.42975243
CHICAGO,3,0.928922569
CHICAGO,4,14.25885539
CHICAGO,5,0.661852893
CHICAGO,6,1.127762002
CHICAGO,7,1.70272485
CHICAGO,8,21.10579737
CHICAGO,9,5.046222523
CHICAGO,10,11.1809277
CHICAGO,11,0.38350412
CHICAGO,12,1.773186956
CHICAGO,13,0.154847569
CHICAGO,14,69.93010559
CHICAGO,15,9.648427002
CHICAGO,16,0.823274074
CHICAGO,17,2.352596829
CHICAGO,18,0.138267245
CHICAGO,19,0.766410764
CHICAGO,20,0.760833762
CHICAGO,21,0.343609491
CHICAGO,22,2.804335683
CHICAGO,23,2.718284873
CHICAGO,24,0.211268009
CHICAGO,25,0.423335463
CHICAGO,26,0.596523657
CHICAGO,27,10.66732098
CHICAGO,28,1.368336146
CHICAGO,29,4.831088113
CHICAGO,30,0.49268434
CHICAGO,31,0.449531447
CHICAGO,32,0.193388009
CHICAGO,33,0.606488044
CHICAGO,34,21.7524723
CHICAGO,35,0.326975116
CHICAGO,36,2.537670752
CHICAGO,37,0.072345833
CHICAGO,38,6.441535648
CHICAGO,39,0.404264502
CHICAGO,40,2.765428241
CHICAGO,41,1.173821829
CHICAGO,42,3.441347407
CHICAGO,43,2.849269445
CHICAGO,44,19.17737017
CHICAGO,45,31.8575105
CHICAGO,46,1.964907095
CHICAGO,47,31.3837767
CHICAGO,48,0.076274769
CHICAGO,49,0.043514387
CHICAGO,50,3.374412847
CHICAGO,51,3.677980822
CHICAGO,52,9.842816204
CHICAGO,53,0.025611192
CHICAGO,54,2.233108611
CHICAGO,55,0.137032373
CHICAGO,56,15.13695921
CHICAGO,57,61.94210435
CHICAGO,58,0.086285231
CHICAGO,59,11.36085501
CHICAGO,60,0.418623762
CHICAGO,61,12.6522601
CHICAGO,62,8.071551852
CHICAGO,63,8.265966933
CHICAGO,64,0.354690278
CHICAGO,65,5.153552893
CHICAGO,66,1.88938287
CHICAGO,67,0.493150347
CHICAGO,68,23.10852647
CHILINDRINA,1,0.125354167
CHILINDRINA,2,2.361464387
CHILINDRINA,3,12.08026709
CHILINDRINA,4,5.28654125
CHILINDRINA,5,34.61612758
CHILINDRINA,6,9.935681829
CHILINDRINA,7,17.98858118
CHILINDRINA,8,2.772706285
CHILINDRINA,9,18.51105582
CHILINDRINA,10,2.615774144
CHILINDRINA,11,5.563827894
CHILINDRINA,12,21.6452098
CHILINDRINA,13,1.066439896
CHILINDRINA,14,10.43678978
CHILINDRINA,15,2.795984884
CHILINDRINA,16,1.631643021
CHILINDRINA,17,16.82397682
CHILINDRINA,18,3.307862616
CHILINDRINA,19,2.311054167
CHILINDRINA,20,1.774370683
CHILINDRINA,21,0.674275197
CHILINDRINA,22,0.096896956
CHILINDRINA,23,0.292217593
CHILINDRINA,24,66.3173416
CHILINDRINA,25,16.93996532
CHILINDRINA,26,3.620780093
CHILINDRINA,27,29.67175544
CHILINDRINA,28,15.26074788
CHILINDRINA,29,10.63363009
CHILINDRINA,30,1.026067326
CHILINDRINA,31,3.742186273
CHILINDRINA,32,5.894376551
CHILINDRINA,33,145.2220164
CHILINDRINA,34,19.74360552
CHILINDRINA,35,14.79680873
CHILINDRINA,36,14.74422416
CHILINDRINA,37,2.187275764
CHILINDRINA,38,11.70897469
CHISQUEADA,1,20.09414112
CHISQUEADA,2,16.91614294
CHISQUEADA,3,5.169458414
CHISQUEADA,4,5.59493985
CHISQUEADA,5,9.440974387
CHISQUEADA,6,45.32254957
CHISQUEADA,7,1.459914271
CHISQUEADA,8,0.203380787
CHISQUEADA,9,20.98710782
CHISQUEADA,10,12.61816181
CHISQUEADA,11,17.84280028
CHISQUEADA,12,12.82295587
CHISQUEADA,13,8.231039699
CHISQUEADA,14,0.049122801
CHISQUEADA,15,32.68157755
CHISQUEADA,16,3.303121609
CHISQUEADA,17,9.86395316
CHISQUEADA,18,2.318956134
CHISQUEADA,19,9.207635914
CHISQUEADA,20,5.501446146
CHISQUEADA,21,6.240085104
CHISQUEADA,22,4.998414039
CHISQUEADA,23,12.37464541
CHISQUEADA,24,33.82913743
CHISQUEADA,25,18.98754954
CHISQUEADA,26,18.11455872
CHISQUEADA,27,3.347774734
CHISQUEADA,28,47.15778257
CHISQUEADA,29,2.889776354
CHISQUEADA,30,22.65138785
CHISQUEADA,31,8.076192361
CHISQUEADA,32,70.12270394
CHISQUEADA,33,5.87683897
CHISQUEADA,34,13.22598419
CHISQUEADA,35,8.528341123
CHORREADA,1,12.72671238
CHORREADA,2,1.426309294
CHORREADA,3,1.662565544
CHORREADA,4,3.955689282
CHORREADA,5,26.09118692
CHORREADA,6,6.27960316
CHORREADA,7,7.605108611
CHORREADA,8,0.20966728
CHORREADA,9,0.024206285
CHORREADA,10,10.01016593
CHORREADA,11,5.7808125
CHORREADA,12,2.514816319
CHORREADA,13,22.82669988
CHORREADA,14,7.196487465
CHORREADA,15,16.34181556
CHORREADA,16,7.31335228
CHORREADA,17,19.15430101
CHORREADA,18,0.697256331
CHORREADA,19,27.05206292
CHORREADA,20,7.579891435
CHORREADA,21,24.05407644
CHORREADA,22,32.93788546
CHORREADA,23,6.588553588
CHORREADA,24,3.957446111
CHORREADA,25,25.82732704
CHORREADA,26,2.264796458
CHORREADA,27,11.19020536
CHORREADA,28,8.296056713
CHORREADA,29,0.743266204
CHORREADA,30,46.20264537
CHORREADA,31,4.611110949
CHORREADA,32,9.789319444
CHORREADA,33,0.05715066
CHORREADA,34,8.34307103
CHORREADA,35,0.27735015
CHORREADA,36,3.503340231
CHORREADA,37,0.476407292
CHORREADA,38,0.359339549
CHORREADA,39,1.551623449
CHORREADA,40,0.174639815
CHORREADA,41,7.382689271
CHORREADA,42,0.185313507
CHORREADA,43,6.838331875
CHORREADA,44,1.804939931
CHORREADA,45,5.971476343
CHORREADA,46,3.649777431
CHORREADA,47,9.347499306
CHORREADA,48,3.718496609
CHORREADA,49,0.940151736
CHORREADA,50,9.667690856
CHORREADA,51,1.187566979
CHORREADA,52,13.23133171
CHORREADA,53,8.473909688
CHORREADA,54,1.366139155
CHORREADA,55,2.35157184
CHORREADA,56,7.630912616
CHORREADA,57,0.043469178
CHORREADA,58,0.271544641
CHORREADA,59,0.108748762
CHORREADA,60,1.226980012
CHORREADA,61,5.068319907
CHORREADA,62,9.178508565
CHORREADA,63,15.52307179
CHORREADA,64,12.01717439
CHORREADA,65,1.012230208
CHORREADA,66,5.560262998
CHORREADA,67,9.682725857
CHORREADA,68,2.181409097
CHORREADA,69,1.450606447
CHORREADA,70,20.32118446
CHORREADA,71,3.666387303
CHORREADA,72,2.398259722
CHORREADA,73,1.294277975
CHORREADA,74,4.548292245
CHORREADA,75,1.068809491
CHORREADA,76,2.850258611
CLEOPATRA,1,65.48775058
CLEOPATRA,2,0.463722025
CLEOPATRA,3,146.5730021
CLEOPATRA,4,0.17363831
CLEOPATRA,5,0.119236111
CLEOPATRA,6,7.545093171
CLEOPATRA,7,58.67800162
CLEOPATRA,8,0.698146875
CLEOPATRA,9,13.91859877
CLEOPATRA,10,17.25867032
CLEOPATRA,11,8.444620914
CLEOPATRA,12,0.050672106
CLEOPATRA,13,0.095248414
CLEOPATRA,14,3.186018241
CLEOPATRA,15,24.8020566
CLEOPATRA,16,13.34402366
CLEOPATRA,17,18.34859572
CLEOPATRA,18,1.003711412
CLEOPATRA,19,36.91806304
CLEOPATRA,20,10.10212218
CLEOPATRA,21,0.631723229
CLEOPATRA,22,42.88626204
CLEOPATRA,23,1.49504522
CLEOPATRA,24,2.55486088
CLEOPATRA,25,5.800033646
CLEOPATRA,26,0.601272303
CLEOPATRA,27,7.886795833
CLEOPATRA,28,10.7194456
CLEOPATRA,29,3.004804317
CLEOPATRA,30,6.720511192
CONSENTIDA,1,9.83710162
CONSENTIDA,2,6.340933796
CONSENTIDA,3,0.217738808
CONSENTIDA,4,5.369033171
CONSENTIDA,5,0.246290394
CONSENTIDA,6,15.46837454
CONSENTIDA,7,6.82348897
CONSENTIDA,8,1.126604201
CONSENTIDA,9,0.796337894
CONSENTIDA,10,3.063107674
CONSENTIDA,11,2.096813854
CONSENTIDA,12,2.163776505
CONSENTIDA,13,0.722647072
CONSENTIDA,14,10.23656061
CONSENTIDA,15,10.39857211
CONSENTIDA,16,2.200975694
CONSENTIDA,17,2.808117523
CONSENTIDA,18,9.224612928
CONSENTIDA,19,5.357408449
CONSENTIDA,20,7.031770023
CONSENTIDA,21,6.398127662
CONSENTIDA,22,4.381028935
CONSENTIDA,23,0.575192361
CONSENTIDA,24,0.145094363
CONSENTIDA,25,17.54535926
CONSENTIDA,26,4.128579745
CONSENTIDA,27,0.119274259
CONSENTIDA,28,0.206288692
CONSENTIDA,29,16.95499256
CONSENTIDA,30,6.423759294
CONSENTIDA,31,1.393078009
CONSENTIDA,32,3.168174965
CONSENTIDA,33,6.071844178
CONSENTIDA,34,4.119118553
CONSENTIDA,35,1.854153588
CONSENTIDA,36,34.63894074
CONSENTIDA,37,9.014142095
CONSENTIDA,38,0.146784757
CONSENTIDA,39,7.526811042
CONSENTIDA,40,9.145648414
CONSENTIDA,41,16.20868757
CONSENTIDA,42,8.564075926
CONSENTIDA,43,23.47365301
CONSENTIDA,44,5.713319398
CONSENTIDA,45,2.666260185
CONSENTIDA,46,0.745450579
CONSENTIDA,47,0.686863773
CONSENTIDA,48,1.312286574
CONSENTIDA,49,2.260393981
CONSENTIDA,50,8.150696493
CONSENTIDA,51,0.568744861
CONSENTIDA,52,1.636402581
CONSENTIDA,53,0.291833333
CONSENTIDA,54,0.452057257
CONSENTIDA,55,1.618556991
CONSENTIDA,56,1.671399572
CONSENTIDA,57,0.338548576
CONSENTIDA,58,0.397893796
CONSENTIDA,59,0.870852708
CONSENTIDA,60,0.078010914
CONSENTIDA,61,0.051492211
CONSENTIDA,62,0.039923461
CONSENTIDA,63,0.11297728
CONSENTIDA,64,9.359325301
CONSENTIDA,65,2.777899387
CONSENTIDA,66,2.872057558
CONSENTIDA,67,0.179730602
CONSENTIDA,68,20.9415701
CONSENTIDA,69,2.71002419
CONSENTIDA,70,0.484164896
CONSENTIDA,71,0.406997338
CONSENTIDA,72,7.828009722
CONSENTIDA,73,0.417902037
CONSENTIDA,74,0.347240787
CONSENTIDA,75,2.472528704
CONSENTIDA,76,1.379465625
CONSENTIDA,77,4.811280093
CONSENTIDA,78,0.780760382
CONSENTIDA,79,3.090263391
CONSENTIDA,80,1.860012269
CONSENTIDA,81,1.413296181
CONSENTIDA,82,0.511300579
CONSENTIDA,83,0.067946678
CONSENTIDA,84,2.214852975
CONSENTIDA,85,1.571216817
CONSENTIDA,86,0.283655637
CONSENTIDA,87,0.248666204
CONSENTIDA,88,0.165644329
CONSENTIDA,89,0.562971447
CONSENTIDA,90,1.287102581
CONSENTIDA,91,1.645265046
CONSENTIDA,92,0.849140822
CONSENTIDA,93,1.048025069
CONSENTIDA,94,0.808399768
CONSENTIDA,95,0.044140706
CONSENTIDA,96,0.048118137
CONSENTIDA,97,0.136141516
CONSENTIDA,98,1.472562072
CONSENTIDA,99,4.447637998
CONSENTIDA,100,0.634771562
CONSENTIDA,101,11.36651956
CONSENTIDA,102,2.688816354
CONSENTIDA,103,9.332254977
CONSENTIDA,104,0.703752396
CONSENTIDA,105,2.952714086
CONSENTIDA,106,0.090404595
CONSENTIDA,107,0.114676042
CONSENTIDA,108,0.077392049
CONSENTIDA,109,1.154244977
CONSENTIDA,110,0.766265046
CONSENTIDA,111,2.61782257
CONSENTIDA,112,6.31352037
CONSENTIDA,113,0.183802893
CONSENTIDA,114,32.72137288
CONSENTIDA,115,14.28895999
CONSENTIDA,116,0.080395556
CONSENTIDA,117,19.2496044
CONSENTIDA,118,11.33609742
CONSENTIDA,119,0.294030938
CONSENTIDA,120,0.100747604
CONSENTIDA,121,0.256025741
CONSENTIDA,122,8.652415671
CONSENTIDA,123,1.495878426
CONSENTIDA,124,0.233268634
CONSENTIDA,125,0.894032477
CONSENTIDA,126,0.211078171
CONSENTIDA,127,3.160304977
CONSENTIDA,128,1.231413113
CONSENTIDA,129,0.676485185
CONSENTIDA,130,4.387734259
CONSENTIDA,131,5.385949387
CONSENTIDA,132,0.364572107
CONSENTIDA,133,0.68222963
CUCA,1,1.647525729
CUCA,2,4.733694016
CUCA,3,16.46394178
CUCA,4,66.60731655
CUCA,5,1.842681551
CUCA,6,4.052493438
CUCA,7,2.586029167
CUCA,8,4.717409444
CUCA,9,14.7388691
CUCA,10,85.53681096
CUCA,11,11.45862689
CUCA,12,15.50512103
CUCA,13,1.387878472
CUCA,14,15.00347187
CUCA,15,3.383462002
CUCA,16,2.526432176
CUCA,17,61.64251856
CUCA,18,15.97994544
CUCA,19,18.79393171
CUCA,20,9.343188657
CUCA,21,9.192121019
CUCA,22,8.429603438
CUCA,23,8.332982292
CUCA,24,3.773575116
CUCA,25,5.097852268
CUCA,26,0.036958634
CUCA,27,10.48385344
CUCA,28,2.630707523
CUCA,29,38.8851772
CUCA,30,0.683161262
CUCA,31,0.936238009
CUCA,32,1.259516667
CUCA,33,9.865869525
CUCA,34,8.384966157
CUCA,35,4.940335995
CUCA,36,1.613115162
DORMIDA,1,9.07623765
DORMIDA,2,1.071512928
DORMIDA,3,9.959280787
DORMIDA,4,1.595708681
DORMIDA,5,1.46331662
DORMIDA,6,4.728327859
DORMIDA,7,3.251978276
DORMIDA,8,5.165159792
DORMIDA,9,2.539492558
DORMIDA,10,0.0459064
DORMIDA,11,1.481713889
DORMIDA,12,0.436615012
DORMIDA,13,1.659066667
DORMIDA,14,0.534797523
DORMIDA,15,0.112308136
DORMIDA,16,5.014704248
DORMIDA,17,4.627835336
DORMIDA,18,4.174130058
DORMIDA,19,1.679841898
DORMIDA,20,0.119305556
DORMIDA,21,4.648267893
DORMIDA,22,2.701430787
DORMIDA,23,0.078666933
DORMIDA,24,0.19301162
DORMIDA,25,0.09307581
DORMIDA,26,2.163707095
DORMIDA,27,14.22133125
DORMIDA,28,1.492054745
DORMIDA,29,7.059999271
DORMIDA,30,0.339228866
DORMIDA,31,0.108920139
DORMIDA,32,2.627454896
DORMIDA,33,1.381583599
DORMIDA,34,6.225446759
DORMIDA,35,1.407066088
DORMIDA,36,1.559652199
DORMIDA,37,7.803943252
DORMIDA,38,0.035829167
DORMIDA,39,5.063859329
DORMIDA,40,1.289578079
DORMIDA,41,17.52027917
DORMIDA,42,12.87613831
DORMIDA,43,2.921961886
DORMIDA,44,0.168602315
DORMIDA,45,2.098567662
DORMIDA,46,31.00280872
DORMIDA,47,0.487440857
DORMIDA,48,2.348898495
DORMIDA,49,1.97436235
DORMIDA,50,58.4378287
DORMIDA,51,3.52690397
DORMIDA,52,6.768353623
DORMIDA,53,0.70453272
DORMIDA,54,11.67260532
DORMIDA,55,1.23600706
DORMIDA,56,16.95347126
DORMIDA,57,1.76762963
DORMIDA,58,1.314229213
DORMIDA,59,6.892976933
DORMIDA,60,0.813420139
DORMIDA,61,0.039609375
DORMIDA,62,62.8388601
DORMIDA,63,0.370047535
DORMIDA,64,0.02883125
DORMIDA,65,1.90806794
DORMIDA,66,0.246352963
DORMIDA,67,0.072598924
DORMIDA,68,0.311292894
DORMIDA,69,0.689445289
DORMIDA,70,3.938403669
DORMIDA,71,3.380860266
DORMIDA,72,0.788790671
DORMIDA,73,3.744877431
DORMIDA,74,12.52365155
DOUMEN,1,3.366655474
DOUMEN,2,4.018786343
DOUMEN,3,2.617071065
DOUMEN,4,5.116232407
DOUMEN,5,4.444917546
DOUMEN,6,38.08037597
DOUMEN,7,2.244560382
DOUMEN,8,0.465881979
DOUMEN,9,3.618184375
DOUMEN,10,2.970017164
DOUMEN,11,17.10981678
DOUMEN,12,5.581358646
DOUMEN,13,3.102571794
DOUMEN,14,4.950674653
DOUMEN,15,8.700923113
DOUMEN,16,13.37444147
DOUMEN,17,24.8991584
DOUMEN,18,0.558458912
DOUMEN,19,1.216296794
DOUMEN,20,3.192439549
DOUMEN,21,25.36103418
DOUMEN,22,0.15229934
DOUMEN,23,2.880093403
DOUMEN,24,0.695698229
DOUMEN,25,0.247537234
DOUMEN,26,0.262645023
DOUMEN,27,10.26220185
DOUMEN,28,0.822600035
DOUMEN,29,8.504612037
DOUMEN,30,1.092088889
DOUMEN,31,26.32162341
DOUMEN,32,1.642650116
DOUMEN,33,25.53789853
DOUMEN,34,5.463732292
DOUMEN,35,17.92344873
DOUMEN,36,0.701976898
DOUMEN,37,0.428412072
DOUMEN,38,0.040718437
DOUMEN,39,9.715075116
DOUMEN,40,92.49715737
DOUMEN,41,37.33588657
DOUMEN,42,11.39700498
DOUMEN,43,0.890912153
DOUMEN,44,18.90720586
DOUMEN,45,57.85345906
DOUMEN,46,23.46335999
FRANCIA,1,6.584603437
FRANCIA,2,7.408484259
FRANCIA,3,1.632023148
FRANCIA,4,0.653080162
FRANCIA,5,22.57706255
FRANCIA,6,1.640684919
FRANCIA,7,1.305483067
FRANCIA,8,5.941019942
FRANCIA,9,5.140651424
FRANCIA,10,9.175066782
FRANCIA,11,4.629922384
FRANCIA,12,1.286606053
FRANCIA,13,8.914328901
FRANCIA,14,1.098509722
FRANCIA,15,1.631927778
FRANCIA,16,2.744158218
FRANCIA,17,11.58115273
FRANCIA,18,0.434320255
FRANCIA,19,2.125722801
FRANCIA,20,15.73914046
FRANCIA,21,9.257227268
FRANCIA,22,1.042592095
FRANCIA,23,7.890174421
FRANCIA,24,3.766876435
FRANCIA,25,0.940473843
FRANCIA,26,2.056735301
FRANCIA,27,0.390221713
FRANCIA,28,0.282402049
FRANCIA,29,2.337335382
FRANCIA,30,6.104156632
FRANCIA,31,3.563358449
FRANCIA,32,1.64958978
FRANCIA,33,1.584189352
FRANCIA,34,0.611326435
FRANCIA,35,3.031937697
FRANCIA,36,0.90209838
FRANCIA,37,1.921380787
FRANCIA,38,4.324490509
FRANCIA,39,0.022943518
FRANCIA,40,1.542568518
FRANCIA,41,6.041594363
FRANCIA,42,19.81540544
FRANCIA,43,5.08926485
FRANCIA,44,14.62885706
FRANCIA,45,1.815949387
FRANCIA,46,16.04996347
FRANCIA,47,2.390137303
FRANCIA,48,0.796278357
FRANCIA,49,5.590942905
FRANCIA,50,11.57987968
FRANCIA,51,0.066105208
FRANCIA,52,2.707206099
FRANCIA,53,0.384615787
FRANCIA,54,12.50871756
FRANCIA,55,4.426148877
FRANCIA,56,1.420887465
FRANCIA,57,0.87174706
FRANCIA,58,6.31924691
FRANCIA,59,0.839624815
FRANCIA,60,1.184889387
FRANCIA,61,0.633833762
FRANCIA,62,0.877711377
FRANCIA,63,0.389911227
FRANCIA,64,2.99289934
FRANCIA,65,6.580346562
FRANCIA,66,27.98767161
FRANCIA,67,0.383511852
FRANCIA,68,7.351306829
FRANCIA,69,4.845965891
FRANCIA,70,4.080687188
FRANCIA,71,10.24987824
FRANCIA,72,1.060742974
FRANCIA,73,14.63743479
FRANCIA,74,4.936494722
FRANCIA,75,22.44280247
FRANCIA,76,18.74085795
FRANCIA,77,1.937852002
FRANCIA,78,11.59258105
FRANCIA,79,2.300458495
FRANCIA,80,0.909926505
FRANCIA,81,0.816112419
FRANCIA,82,12.88335637
FRANCIA,83,5.608456632
FRANCIA,84,28.62853889
FRANCIA,85,4.274367593
FRANCIA,86,3.985841007
FRANCIA,87,39.87034216
FRANCIA,88,12.97365463
FRANCIA,89,0.059623113
FRANCIA,90,0.494171875
FRANCIA,91,5.199885336
FRANCIA,92,34.31107457
GALAXIA,1,8.530072569
GALAXIA,2,2.750993634
GALAXIA,3,20.01810344
GALAXIA,4,14.60181806
GALAXIA,5,19.13245946
GALAXIA,6,3.153308912
GALAXIA,7,0.472980671
GALAXIA,8,1.113186806
GALAXIA,9,14.07557928
GALAXIA,10,21.56693904
GALAXIA,11,48.05018684
GALAXIA,12,28.48774028
GALAXIA,13,8.654318553
GALAXIA,14,0.903018669
GALAXIA,15,2.427918009
GALAXIA,16,23.9649578
GALAXIA,17,12.90697736
GALAXIA,18,36.17158125
GALAXIA,19,3.90534456
GALAXIA,20,12.78404275
GALAXIA,21,189.5399474
GALAXIA,22,9.457372072
GALAXIA,23,6.975746181
GALAXIA,24,24.18573009
GIRASOLES,1,1.187877662
GIRASOLES,2,59.4594397
GIRASOLES,3,0.261241053
GRULLA,1,4.585931331
GRULLA,2,11.47384039
GRULLA,3,18.82775398
GRULLA,4,15.54288653
GRULLA,5,1.312269907
GRULLA,6,5.935635451
GRULLA,7,3.31134147
GRULLA,8,1.645098079
GRULLA,9,30.70693267
GRULLA,10,2.247583218
GRULLA,11,8.215228472
GRULLA,12,0.121786424
GRULLA,13,64.42296778
GRULLA,14,47.80891698
GRULLA,15,13.55753973
GRULLA,16,1.79218125
GRULLA,17,12.87869294
GRULLA,18,2.453316435
GRULLA,19,13.69274332
GRULLA,20,14.20261247
GRULLA,21,0.128937963
GRULLA,22,68.35493487
GRULLA,23,107.6230263
GRULLA,24,2.071121678
GRULLA,25,40.67200633
GRULLA,26,4.343884074
GRULLA,27,13.03677828
GUADALAJARA,1,18.0360434
GUADALAJARA,2,5.337958518
GUADALAJARA,3,58.45542905
GUADALAJARA,4,0.180446111
GUADALAJARA,5,0.601596447
GUADALAJARA,6,2.461688924
GUADALAJARA,7,5.654125926
GUADALAJARA,8,49.54192836
GUADALAJARA,9,6.453610764
GUADALAJARA,10,25.99856409
GUADALAJARA,11,1.330047616
GUADALAJARA,12,12.95416088
GUADALAJARA,13,3.291376933
GUADALAJARA,14,0.043055521
GUADALAJARA,15,74.13240076
GUADALAJARA,16,15.14910814
GUADALAJARA,17,0.484344144
GUADALAJARA,18,66.15721192
GUADALAJARA,19,8.559380289
GUADALAJARA,20,47.85505562
GUADALAJARA,21,33.39319378
GUADALAJARA,22,31.03666718
GUADALAJARA,23,0.79334537
GUADALAJARA,24,8.715958137
GUADALAJARA,25,0.790497651
GUADALAJARA,26,2.605406562
GUADALAJARA,27,1.72729213
GUADALAJARA,28,7.503149074
GUERRERO,1,53.79161369
GUERRERO,2,0.069081481
GUERRERO,3,17.55034101
GUERRERO,4,2.388361921
GUERRERO,5,0.117273264
GUERRERO,6,1.385046597
GUERRERO,7,18.85821501
GUERRERO,8,6.44571088
GUERRERO,9,28.94125463
GUERRERO,10,0.094927396
GUERRERO,11,22.1458066
GUERRERO,12,3.523881563
GUERRERO,13,37.49455498
GUERRERO,14,17.84073476
GUERRERO,15,22.60450567
GUERRERO,16,6.58127191
GUERRERO,17,12.35810035
GUERRERO,18,17.7917939
GUERRERO,19,6.56360397
GUERRERO,20,10.40960378
GUERRERO,21,2.745452234
GUERRERO,22,2.440550301
GUERRERO,23,89.60050995
GUERRERO,24,0.138006562
HIDALGO,1,20.60396497
HIDALGO,2,33.54041493
HIDALGO,3,1.39878662
HIDALGO,4,10.6656539
HIDALGO,5,129.7807694
HIDALGO,6,144.7352252
HIDALGO,7,12.69284468
HIDALGO,8,28.37321219
HIDALGO,9,8.718483681
HIDALGO,10,13.94359063
HUANG TIAN,1,5.499447072
HUANG TIAN,2,13.42941948
HUANG TIAN,3,5.91290559
HUANG TIAN,4,0.151077627
HUANG TIAN,5,1.561544213
HUANG TIAN,6,1.480987847
HUANG TIAN,7,17.44227176
HUANG TIAN,8,4.758278009
HUANG TIAN,9,8.068199919
HUANG TIAN,10,15.57725799
HUANG TIAN,11,8.056117627
HUANG TIAN,12,23.19206222
HUANG TIAN,13,23.19206222
HUANG TIAN,14,0.222796181
HUANG TIAN,15,0.144823773
HUANG TIAN,16,2.374055359
HUANG TIAN,17,89.29664553
HUANG TIAN,18,44.40802241
HUANG TIAN,19,2.546206944
HUANG TIAN,20,8.950856134
HUANG TIAN,21,8.724670648
HUANG TIAN,22,2.268467477
HUANG TIAN,23,6.297476192
HUANG TIAN,24,0.971978322
HUANG TIAN,25,1.012652859
HUANG TIAN,26,1.309026111
HUANG TIAN,27,0.272502315
HUANG TIAN,28,7.873754595
HUANG TIAN,29,0.889864468
HUANG TIAN,30,0.28689375
HUANG TIAN,31,0.050232905
HUANG TIAN,32,3.720534572
HUANG TIAN,33,0.31150228
HUANG TIAN,34,1.774622801
HUANG TIAN,35,0.027319294
HUANG TIAN,36,0.707296065
HUANG TIAN,37,0.641208947
HUANG TIAN,38,0.124732373
HUANG TIAN,39,0.110503009
HUANG TIAN,40,6.185725266
HUANG TIAN,41,3.596809757
HUANG TIAN,42,0.02108669
HUANG TIAN,43,1.768703438
HUANG TIAN,44,0.268050347
HUANG TIAN,45,2.681362998
HUANG TIAN,46,11.93356971
HUANG TIAN,47,5.708472755
HUANG TIAN,48,1.081191667
HUANG TIAN,49,16.52357963
HUANG TIAN,50,1.321190706
HUANG TIAN,51,16.97335903
HUANG TIAN,52,5.763995799
HUANG TIAN,53,2.069598692
HUANG TIAN,54,3.733430289
HUANG TIAN,55,0.164731829
HUANG TIAN,56,9.972823958
HUANG TIAN,57,6.389418484
HUANG TIAN,58,3.481855394
HUANG TIAN,59,0.115463079
HUANG TIAN,60,0.346402512
HUANG TIAN,61,5.971139468
HUANG TIAN,62,1.16310397
HUANG TIAN,63,2.797201852
HUANG TIAN,64,11.92044067
HUANG TIAN,65,0.191765671
HUANG TIAN,66,0.341425694
HUANG TIAN,67,0.068004595
HUANG TIAN,68,0.084398657
HUANG TIAN,69,0.472125382
HUANG TIAN,70,0.231857986
HUANG TIAN,71,0.066093947
HUANG TIAN,72,17.33970833
HUANG TIAN,73,35.09469914
HUANG TIAN,74,13.53920096
HUANG TIAN,75,8.180623762
HUANG TIAN,76,1.425202396
HULK,1,27.50867817
HULK,2,13.27812377
HULK,3,14.14225752
HULK,4,7.850447187
HULK,5,12.34379622
HULK,6,60.14968113
HULK,7,12.34104777
HULK,8,28.73452674
HULK,9,0.404894062
HULK,10,15.27941733
HULK,11,5.687601933
HULK,12,0.275633565
HULK,13,0.05360162
HULK,14,19.6318944
HULK,15,0.122394792
HULK,16,3.133096956
HULK,17,2.207137732
HULK,18,0.521394282
HULK,19,9.411961956
HULK,20,1.635593553
HULK,21,71.22975228
HULK,22,27.47733581
HULK,23,60.54561578
HULK,24,51.66540154
HULK,25,5.386893704
HULK,26,3.711436655
HULK,27,2.707795799
HULK,28,0.604504861
HULK,29,1.850962963
HULK,30,5.638659873
HULK,31,4.445996146
HULK,32,37.48478542
INGRATA,1,38.04437346
INGRATA,2,78.51559193
INGRATA,3,45.1715064
INGRATA,4,0.381635567
INGRATA,5,23.29031774
INGRATA,6,0.33119912
INGRATA,7,24.57008796
INGRATA,8,3.72493669
INGRATA,9,15.8905983
INGRATA,10,6.332904745
INGRATA,11,20.86580155
INGRATA,12,54.01828082
INGRATA,13,16.24451774
INGRATA,14,11.98912009
INGRATA,15,127.8953531
JALISCO,1,2.325120486
JALISCO,2,16.96268244
JALISCO,3,106.6558665
JALISCO,4,46.28058476
JALISCO,5,2.4251414
JALISCO,6,8.950619329
JALISCO,7,0.034451157
JALISCO,8,18.08229301
JALISCO,9,6.627055868
JALISCO,10,0.04156559
JALISCO,11,3.008056782
JALISCO,12,0.156215347
JALISCO,13,12.44461589
JALISCO,14,10.29502647
JALISCO,15,0.315976887
JALISCO,16,156.5758098
JALISCO,17,39.91968666
JALISCO,18,6.607276111
JALISCO,19,10.9045774
JALISCO,20,29.04593141
JAMAY,1,0.118055556
JAMAY,2,116.7194444
JAMAY,3,5.454166667
JAMAY,4,24.38680556
JAMAY,5,10.94791667
JAMAY,6,0.285416667
JAMAY,7,0.441666667
JAMAY,8,19.12222222
JAMAY,9,19.68541667
JAMAY,10,5.2
JAMAY,11,4.245833333
JAMAY,12,79.17222222
JAMAY,13,10.38055556
JAMAY,14,17.88333333
JAMAY,15,23.98611111
JAMAY,16,14.61805556
JUAREZ,1,6.605486771
JUAREZ,2,27.72578924
JUAREZ,3,0.195559097
JUAREZ,4,20.86822285
JUAREZ,5,1.83271809
JUAREZ,6,14.75651192
JUAREZ,7,6.051911076
JUAREZ,8,48.84228947
JUAREZ,9,0.428397141
JUAREZ,10,3.298458056
JUAREZ,11,15.69921038
JUAREZ,12,2.533630556
JUAREZ,13,0.066450347
JUAREZ,14,13.28358074
JUAREZ,15,17.98496187
JUAREZ,16,6.347122338
JUAREZ,17,5.383093009
JUAREZ,18,5.55757831
JUAREZ,19,3.910201817
JUAREZ,20,7.919222951
JUAREZ,21,4.903607836
JUAREZ,22,29.03360015
JUAREZ,23,3.407102465
JUAREZ,24,16.12512229
JUAREZ,25,4.611307245
JUAREZ,26,12.92252368
JUAREZ,27,13.81121184
JUAREZ,28,64.22315941
JUAREZ,29,36.19310054
JUAREZ,30,98.93197369
JUAREZ,31,0.031072569
KIKO,1,8.63981088
KIKO,2,1.965406562
KIKO,3,0.156809456
KIKO,4,23.525398
KIKO,5,1.2040539
KIKO,6,0.645360035
KIKO,7,0.288080023
KIKO,8,1.455251736
KIKO,9,0.965198229
KIKO,10,0.760854282
KIKO,11,6.944887812
KIKO,12,2.067567199
KIKO,13,0.143147685
KIKO,14,2.129648958
KIKO,15,2.105952616
KIKO,16,1.1160836
KIKO,17,0.139225845
KIKO,18,6.648850775
KIKO,19,0.395386539
KIKO,20,1.362116389
KIKO,21,7.531983599
KIKO,22,19.35689899
KIKO,23,1.530264467
KIKO,24,5.225015857
KIKO,25,5.411302431
KIKO,26,1.706499769
KIKO,27,5.728848924
KIKO,28,0.074015394
KIKO,29,1.986821296
KIKO,30,1.017240312
KIKO,31,2.626370602
KIKO,32,0.08356728
KIKO,33,2.008113345
KIKO,34,1.29041088
KIKO,35,4.893281065
KIKO,36,0.898120752
KIKO,37,0.250744676
KIKO,38,2.73989934
KIKO,39,3.909057292
KIKO,40,4.40456963
KIKO,41,13.09596466
KIKO,42,2.664273843
KIKO,43,1.587077396
KIKO,44,3.406647141
KIKO,45,14.67925949
KIKO,46,1.384674815
KIKO,47,6.253842905
KIKO,48,16.78853464
KIKO,49,9.586618553
KIKO,50,10.93872103
KIKO,51,9.834050197
KIKO,52,1.990162847
KIKO,53,8.382226308
KIKO,54,10.89225875
KIKO,55,2.114937546
KIKO,56,6.276064734
KIKO,57,0.292756944
KIKO,58,0.659657373
KIKO,59,1.121480637
KIKO,60,5.076010683
KIKO,61,5.182220718
KIKO,62,5.091276204
KIKO,63,16.85342708
KIKO,64,0.494225313
KIKO,65,16.91479167
KIKO,66,2.642274803
KIKO,67,4.009040741
KIKO,68,9.396089965
KIKO,69,15.35544325
KIKO,70,1.959519954
KIKO,71,0.030524734
KIKO,72,27.27245038
KIKO,73,0.173686725
KIKO,74,0.212659525
KIKO,75,12.19677171
KIKO,76,25.36590822
KIKO,77,2.01607728
KIKO,78,0.954249456
KIKO,79,7.537337118
KIKO,80,5.591237268
KIKO,81,7.403780127
KIKO,82,6.715418634
KIKO,83,1.612355509
KIKO,84,0.198217326
KIKO,85,3.172293056
KIKO,86,0.129129282
KIKO,87,28.0863326
KIKO,88,0.304278553
KIKO,89,1.013456366
KIKO,90,13.36153194
KIKO,91,39.85446991
KIKO,92,0.562018403
KIKO,93,30.02986898
KIKO,94,0.139149039
KIKO,95,0.487185139
LA FACILITA,1,0.139429699
LA FACILITA,2,6.266449919
LA FACILITA,3,0.255671366
LA FACILITA,4,0.089984838
LA FACILITA,5,3.067258634
LA FACILITA,6,82.29197102
LA FACILITA,7,0.7647336
LA FACILITA,8,4.761375313
LA FACILITA,9,2.444187419
LA FACILITA,10,11.31678611
LA FACILITA,11,34.93769175
LA FACILITA,12,10.49868777
LA FACILITA,13,0.184857292
LA FACILITA,14,61.19411536
LA FACILITA,15,0.536630671
LA FACILITA,16,1.653772963
LA FACILITA,17,1.393540474
LA FACILITA,18,6.805005602
LA FACILITA,19,11.78723808
LA FACILITA,20,26.91217604
LA FACILITA,21,10.44866207
LA FACILITA,22,30.10801948
LA FACILITA,23,63.05780286
LA FACILITA,24,12.3244549
LA FACILITA,25,48.74442593
LA FACILITA,26,5.609141551
LA FACILITA,27,1.787799884
LA FACILITA,28,0.904325764
LA FACILITA,29,1.757312222
LA FACILITA,30,3.019938079
LA FACILITA,31,8.441247373
LA FACILITA,32,3.683894607
LA FACILITA,33,6.285667049
LA FACILITA,34,1.494253125
LA FACILITA,35,3.348860845
LA FACILITA,36,8.793981516
LA FACILITA,37,8.972571678
LA FACILITA,38,11.58313616
LA FACILITA,39,0.089871794
LA FACILITA,40,1.705924734
LA FACILITA,41,1.188179005
LA FACILITA,42,5.674461424
LA LLORONA,1,1.904914664
LA LLORONA,2,10.46405733
LA LLORONA,3,5.272758495
LA LLORONA,4,3.149185995
LA LLORONA,5,10.54542527
LA LLORONA,6,28.94812928
LA LLORONA,7,5.225003785
LA LLORONA,8,16.32347176
LA LLORONA,9,30.64979329
LA LLORONA,10,3.803037998
LA LLORONA,11,2.755635301
LA LLORONA,12,10.68244066
LA LLORONA,13,2.441886146
LA LLORONA,14,8.136854317
LA LLORONA,15,13.62257797
LA LLORONA,16,10.88886238
LA LLORONA,17,5.819192477
LA LLORONA,18,2.107979931
LA LLORONA,19,48.26267295
LA LLORONA,20,8.883596643
LA LLORONA,21,3.587955289
LA LLORONA,22,9.905015463
LA LLORONA,23,0.629691933
LA LLORONA,24,0.357228704
LA LLORONA,25,4.53732728
LA LLORONA,26,6.381511771
LA LLORONA,27,0.211590706
LA LLORONA,28,10.69113565
LA LLORONA,29,3.493409421
LA LLORONA,30,11.10278376
LA LLORONA,31,13.55423411
LA LLORONA,32,36.37435193
LA LLORONA,33,39.80775972
LA LLORONA,34,27.99118041
LA LLORONA,35,5.406828901
LA LLORONA,36,29.08465433
LA LLORONA,37,0.125297917
LA LLORONA,38,1.794421528
LA LLORONA,39,0.42083662
LA LLORONA,40,27.34715394
LA MOLE,1,0.076144595
LA MOLE,2,68.69423962
LA MOLE,3,1.727191435
LA MOLE,4,29.26712847
LA MOLE,5,7.524834178
LA MOLE,6,53.24327731
LA MOLE,7,0.823116586
LA MOLE,8,12.37901115
LA MOLE,9,1.960296065
LA MOLE,10,1.570300347
LA MOLE,11,0.464873565
LA MOLE,12,25.91771956
LA MOLE,13,18.87211513
LA MOLE,14,3.859864352
LA MOLE,15,49.16822642
LA MOLE,16,48.93877075
LA MOLE,17,10.03604306
LA MOLE,18,52.36765722
LA MOLE,19,98.27369541
LA SIMI,1,1.189777593
LA SIMI,2,1.020413657
LA SIMI,3,1.382030139
LA SIMI,4,0.355448773
LA SIMI,5,58.82236701
LA SIMI,6,52.00327581
LA SIMI,7,0.276683218
LA SIMI,8,22.41911821
LA SIMI,9,0.353932986
LA SIMI,10,17.42985432
LA SIMI,11,22.63981693
LA SIMI,12,0.873423796
LA SIMI,13,10.8847108
LA SIMI,14,0.341584178
LA SIMI,15,0.364577512
LA SIMI,16,0.444084688
LA SIMI,17,0.335360266
LA SIMI,18,0.062955046
LA SIMI,19,0.06782037
LA SIMI,20,0.938302743
LA SIMI,21,0.704302963
LA SIMI,22,20.9842453
LA SIMI,23,42.85022369
LA SIMI,24,13.10819289
LA SIMI,25,15.46112755
LA SIMI,26,23.54439078
LA SIMI,27,89.66445583
LA SIMI,28,1.345221875
LA SIMI,29,91.39893939
LA SIMI,30,0.418272188
LA SIMI,31,1.414984757
LA SIMI,32,0.33640544
LA SIMI,33,25.63083846
LAS AMERICAS,1,23.68630622
LAS AMERICAS,2,0.039063275
LAS AMERICAS,3,0.075384803
LAS AMERICAS,4,123.0899364
LAS AMERICAS,5,1.637631944
LAS AMERICAS,6,1.791049155
LAS AMERICAS,7,83.12955653
LAS AMERICAS,8,1.172455972
LAS AMERICAS,9,0.036136771
LAS AMERICAS,10,7.932577812
LAS AMERICAS,11,1.010408646
LAS AMERICAS,12,27.54880455
LAS AMERICAS,13,29.04415424
LAS AMERICAS,14,2.396799468
LAS AMERICAS,15,1.324132674
LAS AMERICAS,16,107.1682346
LAS AMERICAS,17,4.67282662
LAS AMERICAS,18,0.449620451
LAS AMERICAS,19,0.181181285
LAS AMERICAS,20,61.54346802
LAS VEGAS,1,6.096343785
LAS VEGAS,2,0.066788079
LAS VEGAS,3,1.551153704
LAS VEGAS,4,0.159464421
LAS VEGAS,5,0.299311389
LAS VEGAS,6,6.860992442
LAS VEGAS,7,1.152896956
LAS VEGAS,8,0.630227975
LAS VEGAS,9,2.370930706
LAS VEGAS,10,6.586129792
LAS VEGAS,11,10.39991817
LAS VEGAS,12,6.089241273
LAS VEGAS,13,6.941194711
LAS VEGAS,14,1.269406713
LAS VEGAS,15,0.272611574
LAS VEGAS,16,0.073094792
LAS VEGAS,17,0.029236806
LAS VEGAS,18,0.326173148
LAS VEGAS,19,0.905325926
LAS VEGAS,20,6.530079016
LAS VEGAS,21,1.911521331
LAS VEGAS,22,13.7155331
LAS VEGAS,23,21.3959208
LAS VEGAS,24,1.112520139
LAS VEGAS,25,9.46188919
LAS VEGAS,26,35.11036771
LAS VEGAS,27,0.574055741
LAS VEGAS,28,4.45549618
LAS VEGAS,29,26.3990941
LAS VEGAS,30,35.60218557
LAS VEGAS,31,6.000989086
LAS VEGAS,32,26.99061991
LAS VEGAS,33,19.73291797
LAS VEGAS,34,14.6636015
LAS VEGAS,35,0.251022176
LAS VEGAS,36,0.566739468
LAS VEGAS,37,0.643523565
LAS VEGAS,38,14.24437932
LAS VEGAS,39,0.196007211
LAS VEGAS,40,4.879601204
LAS VEGAS,41,3.503596724
LAS VEGAS,42,8.22737265
LAS VEGAS,43,0.288798796
LAS VEGAS,44,0.23234618
LAS VEGAS,45,34.99392179
LAS VEGAS,46,0.027831667
LAS VEGAS,47,0.02674162
LAS VEGAS,48,0.279739977
LAS VEGAS,49,0.242068102
LAS VEGAS,50,0.032925081
LAS VEGAS,51,0.089222488
LAS VEGAS,52,0.129902662
LAS VEGAS,53,0.02888044
LAS VEGAS,54,11.51179845
LAS VEGAS,55,0.780639502
LAS VEGAS,56,3.785124769
LAS VEGAS,57,5.083390822
LAS VEGAS,58,0.954256782
LAS VEGAS,59,0.571865093
LAS VEGAS,60,0.052034294
LAS VEGAS,61,0.094711921
LAS VEGAS,62,0.06959838
LAS VEGAS,63,9.940590857
LAS VEGAS,64,2.891198299
LAS VEGAS,65,4.991749919
LAS VEGAS,66,0.333386643
LAS VEGAS,67,0.138784838
LAS VEGAS,68,1.071552234
LAS VEGAS,69,3.057670532
LAS VEGAS,70,23.81095556
LAS VEGAS,71,0.775306644
LAS VEGAS,72,24.09329583
LAS VEGAS,73,1.550796563
LAS VEGAS,74,4.361880243
LAS VEGAS,75,0.610903704
LAS VEGAS,76,3.409092199
LAS VEGAS,77,2.515635833
LAS VEGAS,78,1.25888125
LAS VEGAS,79,1.402674306
LIBERTAD,1,41.75735116
LIBERTAD,2,0.337847951
LIBERTAD,3,1.509822454
LIBERTAD,4,4.901275544
LIBERTAD,5,1.492958137
LIBERTAD,6,0.413959028
LIBERTAD,7,1.233723843
LIBERTAD,8,0.304687847
LIBERTAD,9,6.144416042
LIBERTAD,10,6.911559143
LIBERTAD,11,5.346616748
LIBERTAD,12,1.790493438
LIBERTAD,13,6.412853356
LIBERTAD,14,0.716577396
LIBERTAD,15,0.162545208
LIBERTAD,16,0.134263461
LIBERTAD,17,0.986691053
LIBERTAD,18,0.563896794
LIBERTAD,19,1.333842986
LIBERTAD,20,0.612607257
LIBERTAD,21,5.550175729
LIBERTAD,22,3.935527928
LIBERTAD,23,0.135615775
LIBERTAD,24,41.79365038
LIBERTAD,25,6.937670648
LIBERTAD,26,0.27179691
LIBERTAD,27,8.998764931
LIBERTAD,28,31.48971196
LIBERTAD,29,10.28381174
LIBERTAD,30,2.943367164
LIBERTAD,31,37.05138175
LIBERTAD,32,2.99167044
LIBERTAD,33,2.513039039
LIBERTAD,34,4.608130903
LIBERTAD,35,10.53307813
LIBERTAD,36,0.154567824
LIBERTAD,37,10.61621878
LIBERTAD,38,4.572459294
LIBERTAD,39,1.177070995
LIBERTAD,40,0.75772662
LIBERTAD,41,0.375919988
LIBERTAD,42,1.678507836
LIBERTAD,43,0.57791875
LIBERTAD,44,0.951585301
LIBERTAD,45,0.705518565
LIBERTAD,46,1.099497419
LIBERTAD,47,1.51144243
LIBERTAD,48,0.027368484
LIBERTAD,49,2.459225498
LIBERTAD,50,0.404724919
LIBERTAD,51,0.385518947
LIBERTAD,52,0.153602049
LIBERTAD,53,5.914068553
LIBERTAD,54,0.190835532
LIBERTAD,55,5.94037875
LIBERTAD,56,5.80860772
LIBERTAD,57,0.933067558
LIBERTAD,58,2.06714618
LIBERTAD,59,13.3134581
LIBERTAD,60,3.537207523
LIBERTAD,61,56.7725419
LIBERTAD,62,24.08300541
LIBERTAD,63,3.582222535
LIBERTAD,64,3.04340787
LIBERTAD,65,28.93391659
LIBERTAD,66,23.26835428
LO JEFE,1,12.15228781
LO JEFE,2,0.907202778
LO JEFE,3,5.018479097
LO JEFE,4,1.500009838
LO JEFE,5,1.715468125
LO JEFE,6,0.744786724
LO JEFE,7,0.868195185
LO JEFE,8,3.090341204
LO JEFE,9,0.441788044
LO JEFE,10,2.91709206
LO JEFE,11,5.30237897
LO JEFE,12,2.710586146
LO JEFE,13,1.000248727
LO JEFE,14,0.889077616
LO JEFE,15,9.941445336
LO JEFE,16,0.573269016
LO JEFE,17,10.9421765
LO JEFE,18,0.108709178
LO JEFE,19,5.749423495
LO JEFE,20,4.473957025
LO JEFE,21,0.311393715
LO JEFE,22,43.08688094
LO JEFE,23,6.208504005
LO JEFE,24,12.97320556
LO JEFE,25,7.748785301
LO JEFE,26,12.92019649
LO JEFE,27,0.125497454
LO JEFE,28,13.36115575
LO JEFE,29,14.46177516
LO JEFE,30,30.52523275
LO JEFE,31,24.33379228
LO JEFE,32,7.105464005
LO JEFE,33,3.406322187
LO JEFE,34,21.04714044
LO JEFE,35,0.031958912
LO JEFE,36,2.589172847
LO JEFE,37,23.28763168
LO JEFE,38,1.146563357
LO JEFE,39,7.046943438
LO JEFE,40,48.72101601
LO JEFE,41,2.959867743
LO JEFE,42,12.38781956
LO JEFE,43,0.092903542
LO JEFE,44,0.929267477
LO JEFE,45,0.324241632
LO JEFE,46,0.892055174
LO JEFE,47,0.800770023
LO JEFE,48,0.747044248
LO JEFE,49,1.256606945
LO JEFE,50,6.818584988
LO JEFE,51,11.15076628
LO JEFE,52,2.469417512
LO JEFE,53,18.54218973
LO JEFE,54,21.87713484
LO JEFE,55,10.61746863
LO JEFE,56,15.81789656
LO JEFE,57,15.77911617
LO JEFE,58,26.67713819
LO JEFE,59,8.035897303
LO JEFE,60,3.509246227
LO JEFE,61,1.270194641
LO JEFE,62,7.754543252
LO JEFE,63,1.72798735
MAGDALENA,1,15.18704757
MAGDALENA,2,1.848343947
MAGDALENA,3,0.041738808
MAGDALENA,4,0.08400316
MAGDALENA,5,32.55428229
MAGDALENA,6,7.938548218
MAGDALENA,7,43.83684649
MAGDALENA,8,24.72670031
MAGDALENA,9,0.125759294
MAGDALENA,10,8.206616319
MAGDALENA,11,7.80926397
MAGDALENA,12,0.467175741
MAGDALENA,13,2.958287963
MAGDALENA,14,23.64671435
MAGDALENA,15,1.330016898
MAGDALENA,16,1.254070058
MAGDALENA,17,0.431988819
MAGDALENA,18,4.363014051
MAGDALENA,19,48.40174425
MAGDALENA,20,0.130539005
MAGDALENA,21,53.8395299
MAGDALENA,22,36.05488322
MAGDALENA,23,52.15627056
MAGDALENA,24,52.75577538
MAGDALENA,25,25.67434765
MAGDALENA,26,1.435835926
MAGDALENA,27,1.006875185
MAGDALENA,28,9.567488461
MAGDALENA,29,12.27804299
MAGDALENA,30,1.175863657
MAGDALENA,31,16.92476199
MAGDALENA,32,6.626487037
MAGDALENA,33,8.801177662
MAGDALENA,34,0.278855521
MAGDALENA,35,2.350386643
MAGDALENA,36,4.7318625
MALINCHE,1,45.18224691
MALINCHE,2,1.081787778
MALINCHE,3,2.029809607
MALINCHE,4,44.23934965
MALINCHE,5,30.64218487
MALINCHE,6,8.208136458
MALINCHE,7,26.62609831
MALINCHE,8,3.847681713
MALINCHE,9,18.86163345
MALINCHE,10,117.9552742
MALINCHE,11,110.0543444
MALINCHE,12,7.253585301
MALINCHE,13,54.36310918
MANA,1,2.630097685
MANA,2,2.449694444
MANA,3,2.684504676
MANA,4,6.186898102
MANA,5,3.012218137
MANA,6,59.47499881
MANA,7,6.820242708
MANA,8,52.2137662
MANA,9,5.207019676
MANA,10,17.84679757
MANA,11,0.368715394
MANA,12,1.81278588
MANA,13,0.066756782
MANA,14,23.14425949
MANA,15,0.033784178
MANA,16,3.025718982
MANA,17,0.754733866
MANA,18,15.39670929
MANA,19,1.948311736
MANA,20,2.763427928
MANA,21,4.48856022
MANA,22,10.55579001
MANA,23,32.04688851
MANA,24,19.2186419
MANA,25,11.97496334
MANA,26,52.04663843
MANA,27,3.706500845
MANA,28,3.372520718
MANA,29,10.48019294
MANA,30,39.00823488
MANA,31,23.26676169
MANA,32,9.535641354
MANA,33,42.05331189
MANA,34,29.51095567
MANA,35,14.24278973
MANAUS,1,1.136949306
MANAUS,2,28.16080475
MANAUS,3,0.144471991
MANAUS,4,3.977838461
MANAUS,5,2.59692816
MANAUS,6,2.803841169
MANAUS,7,0.626871562
MANAUS,8,5.156695139
MANAUS,9,6.181614352
MANAUS,10,1.175297685
MANAUS,11,0.882417593
MANAUS,12,0.677169132
MANAUS,13,0.132278935
MANAUS,14,3.565915359
MANAUS,15,1.190932176
MANAUS,16,3.235519479
MANAUS,17,10.31296505
MANAUS,18,6.388409873
MANAUS,19,7.269299352
MANAUS,20,8.581630938
MANAUS,21,0.1589164
MANAUS,22,5.922926655
MANAUS,23,10.19966192
MANAUS,24,1.678862731
MANAUS,25,0.284924421
MANAUS,26,1.095280359
MANAUS,27,0.566755706
MANAUS,28,4.940644907
MANAUS,29,27.37960999
MANAUS,30,6.646973264
MANAUS,31,0.0364539
MANAUS,32,1.94475228
MANAUS,33,0.07089838
MANAUS,34,0.036836574
MANAUS,35,0.64949522
MANAUS,36,0.766829236
MANAUS,37,4.192829132
MANAUS,38,1.712069907
MANAUS,39,0.111106875
MANAUS,40,0.336500498
MANAUS,41,1.741618484
MANAUS,42,0.713870324
MANAUS,43,2.088776273
MANAUS,44,14.15005351
MANAUS,45,2.501438808
MANAUS,46,1.359669178
MANAUS,47,0.140284525
MANAUS,48,0.569740625
MANAUS,49,0.022354167
MANAUS,50,0.218274236
MANAUS,51,4.490381134
MANAUS,52,2.445464931
MANAUS,53,0.259508761
MANAUS,54,0.96281956
MANAUS,55,6.926125081
MANAUS,56,4.141642315
MANAUS,57,0.045732176
MANAUS,58,24.15836285
MANAUS,59,8.633347292
MANAUS,60,5.319041285
MANAUS,61,0.805257639
MANAUS,62,3.092118866
MANAUS,63,0.021652431
MANAUS,64,1.30894691
MANAUS,65,2.007665822
MANAUS,66,0.857514271
MANAUS,67,6.320617512
MANAUS,68,2.303916551
MANAUS,69,0.529532211
MANAUS,70,0.910684722
MANAUS,71,31.03892584
MANAUS,72,4.286382141
MANAUS,73,3.944514005
MANAUS,74,12.93630995
MANAUS,75,11.59354209
MANAUS,76,1.897694051
MANAUS,77,26.2090608
MANAUS,78,9.265377627
MANAUS,79,1.587768252
MANAUS,80,0.106298067
MANAUS,81,0.89797515
MANAUS,82,5.241259444
MANAUS,83,0.05742022
MANAUS,84,1.711886181
MANAUS,85,6.314722986
MANAUS,86,0.243730706
MANAUS,87,2.108384491
MANAUS,88,12.34288634
MANAUS,89,0.303466632
MANAUS,90,20.36774337
MANAUS,91,33.21874973
MANAUS,92,4.047246724
MANAUS,93,2.485738611
MANAUS,94,0.133636389
MANAUS,95,8.261724954
MANAUS,96,13.33454823
MANAUS,97,14.1422549
MANAUS,98,1.998266354
MANAUS,99,0.435023449
MANAUS,100,0.802265081
MANAUS,101,4.89043434
MANAUS,102,27.81817002
MANAUS,103,5.834703669
MAZAMITLA,1,10.05690999
MAZAMITLA,2,36.37290574
MAZAMITLA,3,20.97306898
MAZAMITLA,4,51.70936184
MAZAMITLA,5,12.93128576
MAZAMITLA,6,27.36879681
MAZAMITLA,7,34.46801659
MAZAMITLA,8,16.97044054
MAZAMITLA,9,5.988146215
MAZAMITLA,10,0.747140012
MAZAMITLA,11,60.86870501
MAZAMITLA,12,17.23201516
MAZAMITLA,13,5.038847836
MAZAMITLA,14,37.77498715
MAZAMITLA,15,10.58945564
MAZAMITLA,16,20.22851872
MAZAMITLA,17,1.182621111
MAZAMITLA,18,7.89632743
MAZAMITLA,19,0.768078773
MAZAMITLA,20,62.66451238
MAZAMITLA,21,5.828150197
MAZAMITLA,22,16.22372481
MAZAMITLA,23,7.522408299
MAZAMITLA,24,2.787857442
MAZAMITLA,25,2.340918519
MAZAMITLA,26,2.721642824
MAZAMITLA,27,2.24826397
MAZATLAN,1,28.30572774
MAZATLAN,2,8.532077546
MAZATLAN,3,56.30036053
MAZATLAN,4,34.10545046
MAZATLAN,5,32.23239529
MAZATLAN,6,69.65864722
MAZATLAN,7,1.922392789
MAZATLAN,8,5.507986111
MAZATLAN,9,3.175762801
MAZATLAN,10,4.955029051
MAZATLAN,11,9.685532569
MAZATLAN,12,10.8642206
MAZATLAN,13,0.160720289
MAZATLAN,14,118.5930591
MAZATLAN,15,32.27511131
MAZATLAN,16,18.1114245
MAZATLAN,17,30.82679101
MAZATLAN,18,40.96136003
MEXICO,1,9.929866204
MEXICO,2,17.65496706
MEXICO,3,0.354898345
MEXICO,4,4.484325532
MEXICO,5,15.29735042
MEXICO,6,10.00875937
MEXICO,7,1.910345139
MEXICO,8,3.599895104
MEXICO,9,16.85292948
MEXICO,10,0.085721956
MEXICO,11,9.598330208
MEXICO,12,15.28711196
MEXICO,13,0.970581562
MEXICO,14,23.92694178
MEXICO,15,18.27956562
MEXICO,16,60.59495124
MEXICO,17,14.22753634
MEXICO,18,8.685920521
MEXICO,19,2.109842014
MEXICO,20,0.111778437
MEXICO,21,3.86829081
MEXICO,22,0.72028213
MEXICO,23,6.726880394
MEXICO,24,1.151557014
MEXICO,25,1.613290393
MEXICO,26,13.51378198
MEXICO,27,9.76237809
MEXICO,28,18.09844861
MEXICO,29,11.80912902
MEXICO,30,8.371687812
MEXICO,31,2.666380278
MEXICO,32,12.3264253
MEXICO,33,0.777804931
MEXICO,34,2.606269282
MEXICO,35,48.18031095
MEXICO,36,12.73010494
MEXICO,37,20.08191632
MEXICO,38,43.22423958
MEXICO,39,8.539021713
MEXICO,40,5.616221678
MEXICO,41,22.89078098
MEXICO,42,34.29850691
MIKE ROVER,1,0.673661806
MIKE ROVER,2,1.614653056
MIKE ROVER,3,3.825324803
MIKE ROVER,4,7.227772338
MIKE ROVER,5,0.129126227
MIKE ROVER,6,15.72733009
MIKE ROVER,7,0.782326123
MIKE ROVER,8,2.218047801
MIKE ROVER,9,5.483596991
MIKE ROVER,10,52.48324324
MIKE ROVER,11,0.525694942
MIKE ROVER,12,1.384540012
MIKE ROVER,13,17.76087214
MIKE ROVER,14,16.76362473
MIKE ROVER,15,2.12194456
MIKE ROVER,16,22.76024757
MIKE ROVER,17,2.111371563
MIKE ROVER,18,6.002725695
MIKE ROVER,19,22.78698036
MIKE ROVER,20,7.575130208
MIKE ROVER,21,77.76632546
MIKE ROVER,22,0.54607647
MIKE ROVER,23,11.59100544
MIKE ROVER,24,6.886669711
MIKE ROVER,25,1.182704861
MIKE ROVER,26,2.611298646
MIKE ROVER,27,29.0897378
MIKE ROVER,28,6.8399061
MIKE ROVER,29,0.571764965
MIKE ROVER,30,11.76588631
MIKE ROVER,31,13.42930159
MIKE ROVER,32,20.39272553
MIKE ROVER,33,0.10144838
MIKE ROVER,34,0.050238113
MIKE ROVER,35,1.679915671
MIKE ROVER,36,42.77662981
MIKE ROVER,37,7.239706215
MIKE ROVER,38,3.215914282
MIKE ROVER,39,12.85295053
MIKE ROVER,40,19.39686644
MIKE ROVER,41,18.43238557
MINERVA,1,36.33696025
MINERVA,2,19.02437156
MINERVA,3,28.62631913
MINERVA,4,2.370280046
MINERVA,5,1.045335764
MINERVA,6,7.568007373
MINERVA,7,47.66987253
MINERVA,8,0.788617708
MINERVA,9,43.00103017
MINERVA,10,48.34346508
MINERVA,11,46.16299831
MINERVA,12,20.48147133
MINERVA,13,134.3850272
MINERVA,14,12.51238056
MINERVA,15,0.409255243
MINERVA,16,16.88310865
MINERVA,17,2.787805324
MOLINOS,1,8.016612812
MOLINOS,2,6.447212153
MOLINOS,3,73.02205683
MOLINOS,4,6.467185382
MOLINOS,5,46.46358978
MOLINOS,6,1.886613738
MOLINOS,7,0.123581829
MOLINOS,8,10.2510897
MOLINOS,9,12.70565671
MOLINOS,10,27.62571366
MOLINOS,11,10.85683036
MOLINOS,12,0.14704456
MOLINOS,13,5.770049491
MOLINOS,14,13.77867735
MOLINOS,15,0.488122338
MOLINOS,16,0.084588808
MOLINOS,17,2.15892037
MOLINOS,18,0.992068831
MOLINOS,19,9.116701817
MOLINOS,20,32.4716752
MOLINOS,21,43.29295181
MOLINOS,22,2.754837847
MOLINOS,23,5.538286887
MOLINOS,24,3.034954931
MOLINOS,25,67.82520281
MOLINOS,26,10.73186701
MOLOTOV,1,21.81467384
MOLOTOV,2,6.68717257
MOLOTOV,3,1.417400613
MOLOTOV,4,13.86866493
MOLOTOV,5,4.937715313
MOLOTOV,6,18.95545409
MOLOTOV,7,8.126934109
MOLOTOV,8,22.46943256
MOLOTOV,9,36.67664059
MOLOTOV,10,2.201586424
MOLOTOV,11,31.19598649
MOLOTOV,12,62.74630721
MOLOTOV,13,8.513071956
MOLOTOV,14,0.070401111
MOLOTOV,15,4.290692049
MOLOTOV,16,3.76909985
MOLOTOV,17,6.170325579
MOLOTOV,18,2.034959838
MOLOTOV,19,2.524330046
MOLOTOV,20,1.941879282
MOLOTOV,21,0.652060764
MOLOTOV,22,0.590321377
MOLOTOV,23,0.177982523
MOLOTOV,24,0.423529352
MOLOTOV,25,1.070255289
MOLOTOV,26,3.082059757
MOLOTOV,27,6.539404398
MOLOTOV,28,0.113763727
MOLOTOV,29,1.754036806
MOLOTOV,30,0.455062893
MOLOTOV,31,4.247488264
MOLOTOV,32,0.09129059
MOLOTOV,33,0.459748148
MOLOTOV,34,4.309577083
MOLOTOV,35,42.19408843
MOLOTOV,36,4.41571713
MOLOTOV,37,5.922417477
MOLOTOV,38,6.344939201
MOLOTOV,39,58.90666336
MOLOTOV,40,0.43297581
MOLOTOV,41,24.57146813
MOLOTOV,42,11.64580124
MOLOTOV,43,15.66285679
MOLOTOV,44,3.850205521
MOLOTOV,45,17.11989267
MOLOTOV,46,0.652536343
MOLOTOV,47,3.689207141
MOLOTOV,48,3.226106181
MOLOTOV,49,0.143400197
MOLOTOV,50,11.16127562
MOLOTOV,51,11.02661597
MOLOTOV,52,7.975396759
MOLOTOV,53,0.631092824
MONARCA,1,2.451187002
MONARCA,2,0.088237153
MONARCA,3,0.904189583
MONARCA,4,7.418903391
MONARCA,5,6.449695903
MONARCA,6,3.503856713
MONARCA,7,18.90096354
MONARCA,8,5.887424954
MONARCA,9,22.83627978
MONARCA,10,1.305671724
MONARCA,11,24.04041594
MONARCA,12,0.219078889
MONARCA,13,42.74906736
MONARCA,14,0.590838588
MONARCA,15,8.470504398
MONARCA,16,7.508595567
MONARCA,17,9.131975613
MONARCA,18,4.143582905
MONARCA,19,5.265642431
MONARCA,20,5.738632755
MONARCA,21,4.763046227
MONARCA,22,23.23494773
MONARCA,23,1.360265891
MONARCA,24,0.032188657
MONARCA,25,26.90849753
MONARCA,26,14.28705749
MONARCA,27,8.851830602
MONARCA,28,2.988429745
MONARCA,29,18.97408064
MONARCA,30,10.89968935
MONARCA,31,9.317857095
MONARCA,32,2.555540116
MONARCA,33,1.279965972
MONARCA,34,24.19026682
MONARCA,35,6.251856991
MONARCA,36,62.73287234
MONARCA,37,0.06078132
MONARCA,38,0.418105521
MONARCA,39,2.543790359
MONARCA,40,3.543348102
MONARCA,41,22.00510911
MONARCA,42,9.153690359
MONARCA,43,10.10263561
MONARCA,44,8.515940857
MONARCA,45,14.27934914
MONARCA,46,0.471003171
MONARCA,47,23.93526042
MORELOS,1,3.492486192
MORELOS,2,0.53254537
MORELOS,3,10.26789248
MORELOS,4,4.421028553
MORELOS,5,1.182953507
MORELOS,6,9.139096609
MORELOS,7,4.850161724
MORELOS,8,1.527065012
MORELOS,9,5.648127002
MORELOS,10,0.284031215
MORELOS,11,14.34614216
MORELOS,12,0.604114387
MORELOS,13,59.34057975
MORELOS,14,0.261693553
MORELOS,15,16.69679904
MORELOS,16,1.022042361
MORELOS,17,2.134241238
MORELOS,18,0.050873079
MORELOS,19,1.012548646
MORELOS,20,26.08237045
MORELOS,21,5.338097373
MORELOS,22,0.135129792
MORELOS,23,4.416208877
MORELOS,24,0.640454433
MORELOS,25,8.13680007
MORELOS,26,1.753233877
MORELOS,27,15.4074765
MORELOS,28,4.748030856
MORELOS,29,4.066012766
MORELOS,30,0.197967593
MORELOS,31,15.52638446
MORELOS,32,0.129404051
MORELOS,33,10.68374904
MUKACHEVO,1,108.0343645
MUKACHEVO,2,0.251160729
MUKACHEVO,3,27.72635794
MUKACHEVO,4,2.978146458
MUKACHEVO,5,0.383969329
MUKACHEVO,6,24.85588704
MUKACHEVO,7,10.00722153
MUKACHEVO,8,1.368734954
MUKACHEVO,9,2.274994259
MUKACHEVO,10,3.313800891
MUKACHEVO,11,3.278640127
MUKACHEVO,12,0.091841169
MUKACHEVO,13,1.355161574
MUKACHEVO,14,6.101730162
MUKACHEVO,15,80.96394653
MUKACHEVO,16,22.55608314
MUKACHEVO,17,17.21985443
MUKACHEVO,18,18.37345729
MUKACHEVO,19,0.594009109
MUKACHEVO,20,96.08397006
MUKACHEVO,21,3.864509607
MUKACHEVO,22,4.40301728
MUKACHEVO,23,0.368748345
MUKACHEVO,24,9.567456794
MUKACHEVO,25,0.874116319
MUKACHEVO,26,6.452396343
MUKACHEVO,27,0.350860417
MUKACHEVO,28,0.767853391
MUKACHEVO,29,0.289328901
MUKACHEVO,30,8.080213542
NAYARIT,1,2.293005278
NAYARIT,2,0.189379051
NAYARIT,3,0.812288576
NAYARIT,4,3.400303275
NAYARIT,5,56.84676149
NAYARIT,6,0.025784526
NAYARIT,7,7.596186655
NAYARIT,8,2.25273522
NAYARIT,9,50.21600991
NAYARIT,10,22.81290405
NAYARIT,11,12.27769495
NAYARIT,12,0.298880521
NAYARIT,13,1.872774225
NAYARIT,14,0.884802859
NAYARIT,15,11.57174266
NAYARIT,16,0.11255147
NAYARIT,17,4.709242095
NAYARIT,18,3.744973345
NAYARIT,19,4.75148669
NAYARIT,20,75.78913291
NAYARIT,21,0.868452616
NAYARIT,22,6.465046146
NAYARIT,23,2.307380903
NAYARIT,24,19.18053373
NAYARIT,25,0.881278669
NAYARIT,26,28.21126247
NAYARIT,27,0.480673646
NAYARIT,28,26.12911501
NAYARIT,29,0.130351771
NAYARIT,30,0.879822569
NAYARIT,31,2.880460567
NAYARIT,32,21.68293553
NAYARIT,33,2.198845023
NAYARIT,34,7.226989155
NAYARIT,35,8.729438924
NAYARIT,36,0.832548113
NAYARIT,37,0.782444942
NAYARIT,38,21.91607098
NAYARIT,39,3.798872766
NAYARIT,40,9.276527894
NAYARIT,41,23.22405699
NAYARIT,42,17.18030432
NAYARIT,43,24.33496369
NAYARIT,44,23.70967149
PREFERIDA,1,0.236490475
PREFERIDA,2,6.187720139
PREFERIDA,3,2.120095174
PREFERIDA,4,3.483287616
PREFERIDA,5,8.39335853
PREFERIDA,6,1.440016551
PREFERIDA,7,4.667072187
PREFERIDA,8,9.15587831
PREFERIDA,9,3.939949456
PREFERIDA,10,11.54382727
PREFERIDA,11,12.09200888
PREFERIDA,12,0.30513353
PREFERIDA,13,0.167967211
PREFERIDA,14,0.590899653
PREFERIDA,15,2.288137731
PREFERIDA,16,0.466137072
PREFERIDA,17,2.858716505
PREFERIDA,18,1.00509294
PREFERIDA,19,0.24744375
PREFERIDA,20,18.90404036
PREFERIDA,21,1.965840278
PREFERIDA,22,2.96633287
PREFERIDA,23,20.82429456
PREFERIDA,24,15.87153041
PREFERIDA,25,32.45701991
PREFERIDA,26,2.662490625
PREFERIDA,27,5.208578322
PREFERIDA,28,46.93059441
PREFERIDA,29,2.546025694
PREFERIDA,30,0.035670683
PREFERIDA,31,5.514427697
PREFERIDA,32,4.069827118
PREFERIDA,33,6.523468171
PREFERIDA,34,4.467001458
PREFERIDA,35,17.50905506
PREFERIDA,36,14.66972434
PREFERIDA,37,73.74226354
PREFERIDA,38,30.00339722
PREFERIDA,39,24.49289279
PREFERIDA,40,17.1366265
PREFERIDA,41,4.816363229
PREFERIDA,42,6.747758449
PREFERIDA,43,41.67804699
PREFERIDA,44,0.132529595
PREFERIDA,45,22.09442219
PREFERIDA,46,1.167862002
PREFERIDA,47,0.735182789
PREFERIDA,48,17.32765567
PREFERIDA,49,1.30853912
PTO VALLARTA,1,14.65218337
PTO VALLARTA,2,26.928679
PTO VALLARTA,3,0.801355405
PTO VALLARTA,4,21.2919424
PTO VALLARTA,5,0.876732986
PTO VALLARTA,6,53.9588061
PTO VALLARTA,7,0.509069248
PTO VALLARTA,8,14.366163
PTO VALLARTA,9,1.478470289
PTO VALLARTA,10,14.67837106
PTO VALLARTA,11,1.116127546
PTO VALLARTA,12,9.201553704
PTO VALLARTA,13,12.10162234
PTO VALLARTA,14,50.79877122
PTO VALLARTA,15,1.748937535
PTO VALLARTA,16,11.32175285
PTO VALLARTA,17,0.677676771
PTO VALLARTA,18,16.762711
PTO VALLARTA,19,1.792252662
PTO VALLARTA,20,4.919475
PTO VALLARTA,21,4.919475
PTO VALLARTA,22,0.370969167
PTO VALLARTA,23,101.6104586
PTO VALLARTA,24,77.93801937
PTO VALLARTA,25,1.267398958
PTO VALLARTA,26,0.863959873
PTO VALLARTA,27,5.49394618
PUEBLA,1,2.288094398
PUEBLA,2,0.307763854
PUEBLA,3,5.373146447
PUEBLA,4,40.92973469
PUEBLA,5,1.82478978
PUEBLA,6,1.584031215
PUEBLA,7,0.416474225
PUEBLA,8,0.512965312
PUEBLA,9,0.537955521
PUEBLA,10,27.1574061
PUEBLA,11,0.175118634
PUEBLA,12,2.518724849
PUEBLA,13,13.85576412
PUEBLA,14,2.566002164
PUEBLA,15,0.184968669
PUEBLA,16,3.075942708
PUEBLA,17,18.54735594
PUEBLA,18,0.286273194
PUEBLA,19,3.879193669
PUEBLA,20,0.163108333
PUEBLA,21,21.95763611
PUEBLA,22,1.539322454
PUEBLA,23,0.236131481
PUEBLA,24,0.377160255
PUEBLA,25,5.937712998
PUEBLA,26,0.380020174
PUEBLA,27,0.591269213
PUEBLA,28,0.464623958
PUEBLA,29,9.212143634
PUEBLA,30,5.711892211
PUEBLA,31,0.108400845
PUEBLA,32,0.184578195
PUEBLA,33,0.170996829
PUEBLA,34,0.2958125
PUEBLA,35,0.483586296
PUEBLA,36,0.1151061
PUEBLA,37,0.117561771
PUEBLA,38,0.354728044
PUEBLA,39,0.508932014
PUEBLA,40,0.306635336
PUEBLA,41,0.271637546
PUEBLA,42,0.392465162
PUEBLA,43,51.46159394
PUEBLA,44,3.110806134
PUEBLA,45,0.223805752
PUEBLA,46,0.340412847
PUEBLA,47,3.530686852
PUEBLA,48,0.163430706
PUEBLA,49,15.19897002
PUEBLA,50,1.997199688
PUEBLA,51,2.095964618
PUEBLA,52,42.3251542
PUEBLA,53,11.80446247
PUEBLA,54,23.23642473
PUEBLA,55,0.034071296
PUEBLA,56,28.67210005
QUINTANA ROO,1,0.374081516
QUINTANA ROO,2,16.87873565
QUINTANA ROO,3,10.14970714
QUINTANA ROO,4,14.33239274
QUINTANA ROO,5,0.28780147
QUINTANA ROO,6,13.18356061
QUINTANA ROO,7,14.30409152
QUINTANA ROO,8,63.69828824
QUINTANA ROO,9,5.580826007
QUINTANA ROO,10,0.319966713
QUINTANA ROO,11,6.687151806
QUINTANA ROO,12,21.44340061
QUINTANA ROO,13,11.13726948
QUINTANA ROO,14,35.83481038
QUINTANA ROO,15,0.777034606
QUINTANA ROO,16,28.93499788
QUINTANA ROO,17,90.14116104
QUINTANA ROO,18,20.25584471
QUINTANA ROO,19,57.56266733
QUINTANA ROO,20,18.489964
QUINTANA ROO,21,1.497352465
RAPIDITA,1,0.956197338
RAPIDITA,2,0.318806366
RAPIDITA,3,0.049109491
RAPIDITA,4,1.276096065
RAPIDITA,5,29.56757176
RAPIDITA,6,3.594359873
RAPIDITA,7,2.847388542
RAPIDITA,8,5.912167743
RAPIDITA,9,15.99594525
RAPIDITA,10,96.90784687
RAPIDITA,11,62.03808009
RAPIDITA,12,12.76360455
RAPIDITA,13,9.685951273
RAPIDITA,14,2.625236724
RAPIDITA,15,8.372903275
RAPIDITA,16,10.8060765
RAPIDITA,17,6.847410382
RAPIDITA,18,6.07670316
RAPIDITA,19,0.503321643
RAPIDITA,20,23.85473418
RAPIDITA,21,13.85149378
RAPIDITA,22,0.246034676
RAPIDITA,23,16.06115929
RAPIDITA,24,3.051308137
RAPIDITA,25,9.015048657
RAPIDITA,26,50.6390228
RAPIDITA,27,29.86771146
RAPIDITA,28,26.42812006
RAPIDITA,29,26.65297546
RAPIDITA,30,0.095791366
RAPIDITA,31,0.625196875
RAPIDITA,32,7.773907639
RAPIDITA,33,13.63887106
RAPIDITA,34,3.182807107
RAPIDITA,35,9.661815012
RAPIDITA,36,26.35876319
RAPIDITA,37,2.84599294
RAPIDITA,38,5.543920949
RAPIDITA,39,3.613132836
RAPIDITA,40,0.950720174
RAPIDITA,41,8.658190926
ROBIN,1,6.625054942
ROBIN,2,3.413527083
ROBIN,3,0.380097268
ROBIN,4,0.040863611
ROBIN,5,0.776633796
ROBIN,6,1.233513843
ROBIN,7,1.668545567
ROBIN,8,7.236822107
ROBIN,9,3.631224387
ROBIN,10,5.960588576
ROBIN,11,11.38895648
ROBIN,12,14.12855949
ROBIN,13,0.588794826
ROBIN,14,2.023020949
ROBIN,15,0.644709988
ROBIN,16,0.052452778
ROBIN,17,14.44326601
ROBIN,18,0.832856829
ROBIN,19,30.30293634
ROBIN,20,0.798154317
ROBIN,21,6.302957986
ROBIN,22,0.658370799
ROBIN,23,48.13680015
ROBIN,24,30.2685436
ROBIN,25,7.759603819
ROBIN,26,5.059688843
ROBIN,27,18.6569456
ROBIN,28,7.473936574
ROBIN,29,17.03962179
ROBIN,30,10.01432303
ROBIN,31,0.359999734
ROBIN,32,9.810731597
ROBIN,33,4.700297303
ROBIN,34,10.00359977
ROBIN,35,4.658844907
ROBIN,36,1.989770255
ROBIN,37,23.295285
ROBIN,38,51.87576586
ROBIN,39,15.51984598
ROBIN,40,0.095154167
ROBIN,41,0.248556053
ROBIN,42,69.76486177
ROBIN,43,16.84527948
ROBIN,44,52.21236381
SENAI,1,44.99404645
SENAI,2,19.35244869
SENAI,3,17.85629753
SENAI,4,0.302592789
SENAI,5,19.57751524
SENAI,6,9.970307407
SENAI,7,0.918546528
SENAI,8,0.645405822
SENAI,9,1.550447604
SENAI,10,6.150717245
SENAI,11,35.51641435
SENAI,12,6.194136771
SENAI,13,16.6731022
SENAI,14,30.15413225
SENAI,15,16.80841814
SENAI,16,39.65652087
SENAI,17,0.186100729
SENAI,18,45.79582411
SENAI,19,41.91104988
SENAI,20,31.38338527
SENAI,21,36.58741447
SENAI,22,10.01990914
SENAI,23,36.37520691
SONORA,1,87.99690873
SONORA,2,1.47933044
SONORA,3,5.565965741
SONORA,4,44.09348707
SONORA,5,76.44713831
SONORA,6,167.6742762
TAPALPA,1,14.41169916
TAPALPA,2,23.4626703
TAPALPA,3,21.49898383
TAPALPA,4,0.588185301
TAPALPA,5,32.20412083
TAPALPA,6,2.627256447
TAPALPA,7,5.596863009
TAPALPA,8,39.20248765
TAPALPA,9,42.95939962
TAPALPA,10,0.130455093
TAPALPA,11,50.89458762
TAPALPA,12,5.552160914
TAPALPA,13,86.86318811
TAPALPA,14,10.88632029
TAPALPA,15,17.6412235
TAPALPA,16,23.96559229
TAPALPA,17,6.2633711
TAPALPA,18,26.85492813
TAPATIA,1,6.573580949
TAPATIA,2,1.146604977
TAPATIA,3,6.436544977
TAPATIA,4,3.109757176
TAPATIA,5,0.852686076
TAPATIA,6,2.957497269
TAPATIA,7,37.23691412
TAPATIA,8,7.53169765
TAPATIA,9,19.84346597
TAPATIA,10,13.6436951
TAPATIA,11,14.49845525
TAPATIA,12,14.83529753
TAPATIA,13,0.299358021
TAPATIA,14,1.270830706
TAPATIA,15,0.551713241
TAPATIA,16,33.54454795
TAPATIA,17,0.209197731
TAPATIA,18,46.74436266
TAPATIA,19,7.267928206
TAPATIA,20,0.545811262
TAPATIA,21,0.065126852
TAPATIA,22,29.59209784
TAPATIA,23,10.235614
TAPATIA,24,0.075270023
TAPATIA,25,0.296655162
TAPATIA,26,5.945704433
TAPATIA,27,6.804565891
TAPATIA,28,0.114996296
TAPATIA,29,0.301972025
TAPATIA,30,1.371710185
TAPATIA,31,5.768099884
TAPATIA,32,12.61041806
TAPATIA,33,13.99972604
TAPATIA,34,31.67918789
TAPATIA,35,41.40321994
TAPATIA,36,41.75770509
TAPATIA,37,10.51979097
TAPATIA,38,9.744027002
TAPATIA,39,22.03923785
TAPATIA,40,44.23435969
TAPATIA,41,6.941395636
TAPATIA,42,4.764678206
TEQUILA,1,60.73563828
TEQUILA,2,0.129639201
TEQUILA,3,76.33645841
TEQUILA,4,23.66266964
TEQUILA,5,10.7015809
TEQUILA,6,0.950811643
TEQUILA,7,71.8254772
TEQUILA,8,81.4992931
TEQUILA,9,11.86077477
TEQUILA,10,69.45860313
TEQUILA,11,5.928065162
TEQUILA,12,3.349125729
TEQUILA,13,0.404889965
THOR,1,17.2400848
THOR,2,1.710523426
THOR,3,5.657654745
THOR,4,38.08992488
THOR,5,5.627209225
THOR,6,1.446659063
THOR,7,3.26790147
THOR,8,4.059937153
THOR,9,4.193745139
THOR,10,0.259477697
THOR,11,1.329703437
THOR,12,10.57052056
THOR,13,2.617594178
THOR,14,2.338093785
THOR,15,6.100943137
THOR,16,0.305271065
THOR,17,25.50937897
THOR,18,0.693476042
THOR,19,1.984970567
THOR,20,0.8650064
THOR,21,14.11220339
THOR,22,6.875280243
THOR,23,7.416830243
THOR,24,16.20133727
THOR,25,2.369834178
THOR,26,8.05660493
THOR,27,10.14955289
THOR,28,6.287316817
THOR,29,1.17544375
THOR,30,0.421049803
THOR,31,0.210571134
THOR,32,8.655086643
THOR,33,5.446362569
THOR,34,5.728900694
THOR,35,6.787996111
THOR,36,2.017743681
THOR,37,10.25981902
THOR,38,3.803869444
THOR,39,3.253339317
THOR,40,5.685137847
THOR,41,0.089398993
THOR,42,6.043055556
THOR,43,4.754297917
THOR,44,1.982674734
THOR,45,0.264662616
THOR,46,0.307530058
THOR,47,1.310629977
THOR,48,15.70051733
THOR,49,4.709855012
THOR,50,12.62767338
THOR,51,2.046675741
THOR,52,0.102276007
THOR,53,0.419164769
THOR,54,2.795390046
THOR,55,5.690095636
THOR,56,13.75673487
THOR,57,1.750334989
THOR,58,12.49777689
THOR,59,11.90392353
THOR,60,9.882108762
THOR,61,8.531962037
THOR,62,9.56670559
THOR,63,23.93487958
THOR,64,18.02531721
THOR,65,28.56996015
THOR,66,0.156687303
THOR,67,6.485806134
THOR,68,11.89064491
THOR,69,5.380407488
THOR,70,5.893358021
THOR,71,5.978705278
THOR,72,10.82673411
THOR,73,21.19033542
THOR,74,11.97655154
THOR,75,11.50775458
THOR,76,0.300356065
THOR,77,0.075555174
THOR,78,0.248290243
THOR,79,17.63341999
TIJUANA,1,1.815021806
TIJUANA,2,8.399196725
TIJUANA,3,1.442037766
TIJUANA,4,27.06000729
TIJUANA,5,1.664056759
TIJUANA,6,0.476679201
TIJUANA,7,0.86761809
TIJUANA,8,39.80855787
TIJUANA,9,3.255571956
TIJUANA,10,1.23488287
TIJUANA,11,1.042658368
TIJUANA,12,2.120748576
TIJUANA,13,2.786759491
TIJUANA,14,0.649958067
TIJUANA,15,0.912590625
TIJUANA,16,17.65657029
TIJUANA,17,6.073865903
TIJUANA,18,1.755586377
TIJUANA,19,5.077831863
TIJUANA,20,2.722360648
TIJUANA,21,1.335325845
TIJUANA,22,0.272200116
TIJUANA,23,0.440131644
TIJUANA,24,0.617284491
TIJUANA,25,1.293625694
TIJUANA,26,5.133727847
TIJUANA,27,20.69955587
TIJUANA,28,4.582594213
TIJUANA,29,6.451936875
TIJUANA,30,0.948625579
TIJUANA,31,30.91286686
TIJUANA,32,11.01580227
TIJUANA,33,0.230714502
TIJUANA,34,0.173063773
TIJUANA,35,4.100321829
TIJUANA,36,0.777050417
TIJUANA,37,0.298643322
TIJUANA,38,10.48189425
TIJUANA,39,2.432995833
TIJUANA,40,22.78786964
TIJUANA,41,2.952922569
TIJUANA,42,5.326983067
TIJUANA,43,2.22195544
TIJUANA,44,14.8347755
TIJUANA,45,22.45623666
TIJUANA,46,1.094483762
TIJUANA,47,31.87699213
TIJUANA,48,2.333617245
TIJUANA,49,6.477916319
TIJUANA,50,2.673543137
TIJUANA,51,17.04792882
TIJUANA,52,4.524336493
TIJUANA,53,4.133197107
TIJUANA,54,3.63251941
TIJUANA,55,1.890989005
TIJUANA,56,12.42189016
TIJUANA,57,7.636032523
TIJUANA,58,20.45814395
TIJUANA,59,20.15939054
TIJUANA,60,52.56894765
TIJUANA,61,3.832852153
TIJUANA,62,0.095786262
TIJUANA,63,11.11704403
TIJUANA,64,4.332010764
TIJUANA,65,14.52685258
TLAJOMULCO,1,10.83392882
TLAJOMULCO,2,120.9774498
TLAJOMULCO,3,127.8688404
TLAJOMULCO,4,24.57450807
TLAJOMULCO,5,18.54728252
TLAJOMULCO,6,160.3269119
TLAJOMULCO,7,0.249510266
UNIVERSAL,1,1.035685
UNIVERSAL,2,0.369493171
UNIVERSAL,3,12.34290807
UNIVERSAL,4,128.1694559
UNIVERSAL,5,3.305891667
UNIVERSAL,6,6.81592728
UNIVERSAL,7,1.218173843
UNIVERSAL,8,44.17514753
UNIVERSAL,9,33.74089063
UNIVERSAL,10,3.304784294
UNIVERSAL,11,19.06754101
UNIVERSAL,12,0.780706481
UNIVERSAL,13,0.132783981
UNIVERSAL,14,9.338256898
UNIVERSAL,15,0.024281366
UNIVERSAL,16,39.56403681
UNIVERSAL,17,11.72727249
UNIVERSAL,18,0.067050231
UNIVERSAL,19,41.0215191
UNIVERSAL,20,92.02675605
UNIVERSAL,21,7.794407245
UNIVERSAL,22,12.76673834
UNIVERSAL,23,0.532173183
UNIVERSAL,24,0.551910185
UNIVERSAL,25,0.848947882
UNIVERSAL,26,2.395412153
UVITA,1,8.45497037
UVITA,2,0.742443981
UVITA,3,263.3071022
UVITA,4,0.887549456
VIBORA,1,25.21584803
VIBORA,2,21.35867426
VIBORA,3,50.25346111
VIBORA,4,14.78746093
VIBORA,5,20.47425653
VIBORA,6,13.77763823
VIBORA,7,6.51626559
VIBORA,8,3.096031204
VIBORA,9,29.06067959
VIBORA,10,3.742163472
VIBORA,11,0.281030752
VIBORA,12,9.898964815
VIBORA,13,1.656088843
VIBORA,14,2.201364815
VIBORA,15,2.176280822
VIBORA,16,0.140860382
VIBORA,17,3.012212037
VIBORA,18,43.49368163
VIBORA,19,26.27371706
VIBORA,20,0.538393136
VIBORA,21,1.185115741
VIBORA,22,13.05183214
VIBORA,23,5.5437939
VIBORA,24,1.617093252
VIBORA,25,11.57315456
VIBORA,26,10.86277462
VIBORA,27,0.195861493
VIBORA,28,1.404644942
VIBORA,29,3.472613854
VIBORA,30,6.66247191
VIBORA,31,3.709662697
VIBORA,32,0.133466782
VIBORA,33,22.82806238
VIBORA,34,3.339504861
VIBORA,35,6.635469445
VIBORA,36,2.957921643
VIBORA,37,9.058805012
VIBORA,38,0.835746759
VIBORA,39,31.4599331
VIBORA,40,65.3955456
VIBORA,41,0.701482477
VIBORA,42,5.130764086
VIBORA,43,1.740344989
WASON,1,15.06428573
WASON,2,5.442157292
WASON,3,0.198938507
WASON,4,12.68995625
WASON,5,0.217227315
WASON,6,6.674223345
WASON,7,2.152837153
WASON,8,0.353071794
WASON,9,26.54013237
WASON,10,0.637091863
WASON,11,0.576415162
WASON,12,4.051171875
WASON,13,0.188037222
WASON,14,5.414481285
WASON,15,0.80053125
WASON,16,0.02291103
WASON,17,7.056847222
WASON,18,18.5379438
WASON,19,0.93832566
WASON,20,2.18182184
WASON,21,5.021215579
WASON,22,1.69690162
WASON,23,1.234370301
WASON,24,9.899239074
WASON,25,11.05997257
WASON,26,12.96848851
WASON,27,9.518590972
WASON,28,7.015962234
WASON,29,0.171549919
WASON,30,13.73919429
WASON,31,13.04774807
WASON,32,0.757440347
WASON,33,0.226828785
WASON,34,11.47190736
WASON,35,1.214384606
WASON,36,0.307954282
WASON,37,1.998041933
WASON,38,0.311071875
WASON,39,8.042154167
WASON,40,39.58198866
WASON,41,18.56671959
WASON,42,22.54837118
WASON,43,0.132349375
WASON,44,3.143015046
WASON,45,5.492302662
WASON,46,0.197060035
WASON,47,21.32965255
WASON,48,8.542571574
WASON,49,0.980262199
WASON,50,11.01274521
WASON,51,94.32054112
WASON,52,0.950850613
WASON,53,0.342341516
WASON,54,5.15470147
WASON,55,0.565545556
YUCATAN,1,61.98129815
YUCATAN,2,18.75269856
YUCATAN,3,20.41151779
YUCATAN,4,4.132612963
YUCATAN,5,60.78759815
YUCATAN,6,13.31115784
YUCATAN,7,1.182550694
YUCATAN,8,0.05509522
YUCATAN,9,5.239338426
YUCATAN,10,19.24010081
YUCATAN,11,0.273561076
YUCATAN,12,0.693849306
YUCATAN,13,2.779422176
YUCATAN,14,1.271440509
YUCATAN,15,11.50583434
YUCATAN,16,16.70667708
YUCATAN,17,40.69822353
YUCATAN,18,11.81209961
YUCATAN,19,13.30037998
YUCATAN,20,1.809833495
YUCATAN,21,23.48857052
YUCATAN,22,0.150528623
YUCATAN,23,0.27553044
YUCATAN,24,0.764175972
YUCATAN,25,11.50207824
YUCATAN,26,11.49569155
YUCATAN,27,9.330819491
YUCATAN,28,7.67632434
YUCATAN,29,0.911476343
YUCATAN,30,3.974201968
YUCATAN,31,1.238262928
YUCATAN,32,21.17090382
YUCATAN,33,39.11483437
YUCATAN,34,38.76682928
YUCATAN,35,24.24438753
YUCATAN,36,24.60270131
YUCATAN,37,0.733027662
YUCATAN,38,0.37016103
ZAPOPAN,1,13.49527647
ZAPOPAN,2,6.08343272
ZAPOPAN,3,46.333585
ZAPOPAN,4,4.906381713
ZAPOPAN,5,36.05753773
ZAPOPAN,6,87.43712565
ZAPOPAN,7,21.18061138
ZAPOPAN,8,0.117435451
ZAPOPAN,9,65.1566711
ZAPOPAN,10,41.73308029
ZAPOPAN,11,8.531021065
ZAPOPAN,12,5.3379186
ZAPOPAN,13,92.78194907
